wind_speed;wind_direction;air_temperature;air_relhumidity;smp10;pqsl;soil_moisture;soil_tempblue;soil_tempred;air_pressure;precipitation;created_at
2.61;255;23.03;46.17;30;55.07;0.12;24.96;25.47;1003.87;0;2022-05-11T18:33:35.134Z
3.17;268;23.01;45.97;30;54.91;0.13;24.96;25.45;1003.81;0;2022-05-11T18:33:46.071Z
3.22;260;23.01;45.89;30;54.76;0.13;24.96;25.45;1003.81;0;2022-05-11T18:33:56.985Z
2.51;228;23;45.9;30;54.6;0.12;24.96;25.45;1003.84;0;2022-05-11T18:34:07.911Z
2.73;255;23;45.93;30;54.29;0.13;24.96;25.45;1003.81;0;2022-05-11T18:34:18.934Z
1.76;260;23;45.92;30;55.85;3.53;28.7;25.43;1003.56;0;2022-05-11T18:34:29.869Z
1.39;253;22.98;45.98;30;53.35;0.12;24.96;25.43;1003.81;0;2022-05-11T18:34:40.892Z
1.5;175;22.97;46.07;29;52.73;0.13;24.96;25.43;1003.81;0;2022-05-11T18:34:51.906Z
1.14;245;22.97;46.13;29;52.26;0.12;24.96;25.42;1003.87;0;2022-05-11T18:35:02.830Z
2.09;238;22.97;46.16;28;51.64;0.13;24.96;25.42;1003.84;0;2022-05-11T18:35:13.954Z
2.23;235;22.97;46.19;28;51.01;0.13;24.96;25.42;1003.81;0;2022-05-11T18:35:25.087Z
1.49;230;22.95;46.14;27;50.39;0.13;24.96;25.42;1003.87;0;2022-05-11T18:35:36.067Z
0.8;155;22.95;46.18;27;49.61;0.13;24.96;25.4;1003.87;0;2022-05-11T18:35:46.961Z
0.53;170;22.94;46.24;26;48.99;0.13;24.96;25.4;1003.87;0;2022-05-11T18:35:58.038Z
0.52;188;22.94;46.28;26;48.36;0.12;24.96;25.4;1003.9;0;2022-05-11T18:36:08.995Z
0.96;255;22.94;46.33;25;47.43;0.13;24.96;25.4;1003.87;0;2022-05-11T18:36:19.942Z
1.02;308;22.94;46.36;24;45.71;0.13;24.96;25.39;1003.9;0;2022-05-11T18:36:30.844Z
1.34;235;22.94;46.3;23;44.93;0.13;24.96;25.39;1003.84;0;2022-05-11T18:36:41.792Z
0.66;158;22.94;46.26;23;44.31;0.13;24.96;25.39;1003.87;0;2022-05-11T18:36:52.782Z
0.71;163;22.94;46.31;22;43.53;0.13;24.96;25.37;1003.87;0;2022-05-11T18:37:03.706Z
1.16;215;22.94;46.5;22;42.75;0.13;24.96;25.37;1003.9;0;2022-05-11T18:37:14.666Z
1.21;208;22.94;46.66;21;41.97;0.13;24.96;25.37;1003.87;0;2022-05-11T18:37:25.610Z
1.54;168;22.94;46.71;21;41.5;0.12;24.96;25.37;1003.87;0;2022-05-11T18:37:36.547Z
1.12;110;22.94;46.72;20;40.72;0.13;24.96;25.36;1003.87;0;2022-05-11T18:37:47.441Z
0.55;70;22.92;46.57;20;40.25;0.13;24.96;25.36;1003.9;0;2022-05-11T18:37:58.321Z
0.5;208;22.92;46.43;20;39.78;0.12;24.96;25.36;1003.9;0;2022-05-11T18:38:09.334Z
0.81;188;22.92;46.4;19;39.47;0.13;24.96;25.34;1003.94;0;2022-05-11T18:38:20.247Z
0.74;318;22.92;46.48;19;39;0.13;24.96;25.34;1003.94;0;2022-05-11T18:38:31.214Z
1.52;275;22.92;46.58;19;38.22;0.13;24.96;25.34;1003.9;0;2022-05-11T18:38:44.399Z
0.92;290;22.92;46.49;19;39.94;3.53;28.7;25.34;1003.68;0;2022-05-11T18:38:55.292Z
1.41;255;22.92;46.56;18;37.6;0.13;24.83;25.32;1003.97;0;2022-05-11T18:39:06.328Z
1.22;195;22.92;46.51;18;37.44;0.13;24.82;25.32;1003.97;0;2022-05-11T18:39:17.219Z
1.09;215;22.92;46.57;18;37.13;0.12;24.83;25.32;1003.97;0;2022-05-11T18:39:28.209Z
2.21;238;22.92;46.43;18;36.82;0.13;24.83;25.31;1003.87;0;2022-05-11T18:39:39.156Z
3.69;248;22.9;46.31;18;36.35;0.13;24.83;25.31;1003.87;0;2022-05-11T18:39:50.059Z
3.3;240;22.89;46.35;18;35.73;0.12;24.82;25.31;1003.9;0;2022-05-11T18:40:01.028Z
2.35;295;22.89;46.46;17;35.41;0.13;24.56;25.29;1003.9;0;2022-05-11T18:40:11.966Z
3.04;268;22.87;46.45;17;35.26;0.12;24.56;25.29;1003.87;0;2022-05-11T18:40:22.881Z
2.68;255;22.87;46.31;17;35.1;0.13;24.56;25.28;1003.9;0;2022-05-11T18:40:33.959Z
1.74;238;22.86;46.29;17;35.1;0.13;24.56;25.28;1003.9;0;2022-05-11T18:40:45.027Z
0.54;235;22.84;46.39;17;34.79;0.13;24.56;25.26;1003.94;0;2022-05-11T18:40:55.984Z
1.56;278;22.84;46.54;17;34.63;0.13;24.56;25.26;1003.94;0;2022-05-11T18:41:06.952Z
3.07;235;22.83;46.56;17;34.63;0.13;24.69;25.26;1003.94;0;2022-05-11T18:41:17.889Z
2.72;208;22.83;46.43;17;34.63;0.12;24.69;25.26;1003.87;0;2022-05-11T18:41:28.902Z
1.6;173;22.81;46.43;17;34.63;0.13;24.69;25.24;1003.9;0;2022-05-11T18:41:39.847Z
1.8;285;22.81;46.59;17;34.95;0.13;24.69;25.24;1003.9;0;2022-05-11T18:41:50.751Z
1.25;228;22.79;46.6;18;34.95;0.13;24.69;25.23;1003.9;0;2022-05-11T18:42:01.709Z
0.86;255;22.79;46.61;18;34.95;0.13;24.69;25.23;1003.94;0;2022-05-11T18:42:12.676Z
0.58;135;22.78;46.69;18;35.26;0.12;24.56;25.23;1003.94;0;2022-05-11T18:42:23.647Z
1.78;228;22.78;46.7;18;35.57;0.13;24.56;25.21;1003.94;0;2022-05-11T18:42:34.638Z
1.26;243;22.78;46.71;19;35.88;0.13;24.56;25.21;1003.94;0;2022-05-11T18:42:45.562Z
0.74;138;22.78;46.78;19;36.35;0.12;24.56;25.2;1003.9;0;2022-05-11T18:42:56.487Z
0.5;260;22.76;46.85;19;36.82;0.13;24.56;25.2;1003.94;0;2022-05-11T18:43:07.423Z
1.26;248;22.76;46.83;20;37.29;0.13;24.56;25.2;1003.94;0;2022-05-11T18:43:18.358Z
1.87;243;22.76;46.67;20;39.47;3.53;28.3;25.2;1003.94;0;2022-05-11T18:43:29.316Z
1.5;228;22.75;46.77;21;38.07;0.13;24.56;25.18;1003.9;0;2022-05-11T18:43:40.218Z
1.16;255;22.75;46.69;21;38.22;0.12;24.56;25.18;1003.94;0;2022-05-11T18:43:51.165Z
1.63;188;22.75;46.7;21;38.38;0.13;24.56;25.17;1003.94;0;2022-05-11T18:44:02.134Z
1.76;253;22.73;46.76;21;37.91;0.13;24.56;25.17;1003.9;0;2022-05-11T18:44:13.189Z
2.06;230;22.73;46.91;21;37.75;0.13;24.56;25.17;1003.94;0;2022-05-11T18:44:24.080Z
0.94;195;22.73;46.98;21;37.29;0.13;24.56;25.17;1003.97;0;2022-05-11T18:44:35.070Z
2.46;188;22.73;46.97;20;36.66;0.12;24.56;25.15;1003.97;0;2022-05-11T18:44:46.019Z
1.96;230;22.72;46.84;20;36.19;0.13;24.56;25.15;1003.94;0;2022-05-11T18:44:56.987Z
2.17;250;22.72;46.78;20;35.73;0.13;24.56;25.15;1003.94;0;2022-05-11T18:45:07.934Z
1.6;228;22.72;46.76;19;35.1;0.12;24.56;25.15;1003.97;0;2022-05-11T18:45:18.903Z
1.73;255;22.7;46.79;19;34.63;0.13;24.56;25.13;1003.94;0;2022-05-11T18:45:29.828Z
1.53;198;22.7;46.88;19;34.01;0.13;24.56;25.13;1003.97;0;2022-05-11T18:45:40.787Z
1.31;210;22.68;46.95;18;33.07;0.13;24.56;25.13;1004;0;2022-05-11T18:45:51.789Z
0.98;238;22.68;46.88;18;32.45;0.13;24.56;25.12;1004;0;2022-05-11T18:46:02.712Z
0.8;225;22.67;46.92;17;31.98;0.12;24.56;25.12;1003.97;0;2022-05-11T18:46:13.636Z
1.21;248;22.67;46.92;17;31.36;0.13;24.56;25.12;1003.97;0;2022-05-11T18:46:24.858Z
1.43;295;22.67;46.93;17;30.73;0.13;24.56;25.12;1003.87;0;2022-05-11T18:46:35.849Z
1.53;223;22.67;46.75;16;31.98;3.52;28.29;25.1;1003.68;0;2022-05-11T18:46:46.785Z
2.53;228;22.67;46.92;16;29.64;0.13;24.56;25.1;1003.97;0;2022-05-11T18:46:57.731Z
3.39;175;22.65;46.95;16;29.17;0.13;24.56;25.1;1003.94;0;2022-05-11T18:47:08.633Z
2.12;208;22.65;46.99;15;28.71;0.12;24.56;25.1;1003.94;0;2022-05-11T18:47:19.535Z
1.08;253;22.64;47.09;15;28.39;0.13;24.56;25.1;1003.94;0;2022-05-11T18:47:30.549Z
1.38;280;22.64;47.18;15;28.24;0.12;24.56;25.09;1003.97;0;2022-05-11T18:47:41.528Z
0.58;175;22.64;47.21;15;27.93;0.13;24.56;25.09;1003.94;0;2022-05-11T18:47:52.510Z
1.02;198;22.62;47.18;15;27.77;0.13;24.56;25.09;1003.97;0;2022-05-11T18:48:03.423Z
1.86;248;22.62;47.23;15;27.77;0.12;24.56;25.09;1003.94;0;2022-05-11T18:48:14.370Z
1.53;258;22.62;47.26;14;27.61;0.13;24.56;25.07;1003.94;0;2022-05-11T18:48:25.428Z
2.07;268;22.62;47.23;14;27.15;0.13;24.56;25.07;1003.9;0;2022-05-11T18:48:36.507Z
1.9;260;22.62;47.16;14;26.99;0.13;24.56;25.07;1003.94;0;2022-05-11T18:48:47.475Z
1.33;268;22.61;47.14;14;26.83;0.13;24.56;25.07;1003.94;0;2022-05-11T18:48:58.530Z
1.52;280;22.62;47.08;13;26.21;0.13;24.42;25.06;1003.9;0;2022-05-11T18:49:09.499Z
1.42;268;22.61;47.12;13;25.9;0.12;24.42;25.06;1003.9;0;2022-05-11T18:49:20.434Z
1.36;245;22.61;47.12;12;24.81;0.13;24.42;25.06;1003.94;0;2022-05-11T18:49:31.369Z
1.21;328;22.61;47.2;12;24.34;0.12;24.42;25.06;1003.97;0;2022-05-11T18:49:42.349Z
2.17;253;22.61;47.29;12;24.34;0.13;24.43;25.04;1003.94;0;2022-05-11T18:49:53.395Z
2.05;275;22.61;47.18;11;23.87;0.13;24.42;25.04;1003.94;0;2022-05-11T18:50:04.440Z
1.98;200;22.61;47.1;11;23.56;0.12;24.29;25.04;1003.97;0;2022-05-11T18:50:15.386Z
2.33;238;22.61;47.12;11;23.4;0.13;24.29;25.04;1003.94;0;2022-05-11T18:50:26.288Z
2.3;235;22.59;47.09;11;23.09;0.12;24.29;25.02;1003.97;0;2022-05-11T18:50:37.224Z
2.12;218;22.59;47.11;11;22.93;0.13;24.29;25.02;1003.97;0;2022-05-11T18:50:48.194Z
1.55;248;22.59;47.18;10;22.78;0.13;24.29;25.02;1003.97;0;2022-05-11T18:50:59.174Z
1.43;270;22.57;47.3;10;22.62;0.12;24.29;25.02;1003.97;0;2022-05-11T18:51:10.086Z
1;245;22.57;47.18;10;24.18;3.53;28.04;25.01;1004;0;2022-05-11T18:51:20.989Z
1.1;238;22.56;47.46;10;22.15;0.12;24.29;25.01;1003.97;0;2022-05-11T18:51:31.936Z
1.59;230;22.56;47.42;10;22;0.13;24.29;25.01;1003.97;0;2022-05-11T18:51:43.080Z
1.71;223;22.56;47.4;10;21.53;0.13;24.29;24.99;1003.97;0;2022-05-11T18:51:54.026Z
1.95;195;22.56;47.47;9;21.37;0.12;24.29;24.99;1003.97;0;2022-05-11T18:52:04.974Z
0.97;293;22.54;47.38;9;21.22;0.13;24.29;24.99;1004;0;2022-05-11T18:52:15.909Z
1.03;253;22.54;47.4;9;21.22;0.13;24.29;24.99;1003.97;0;2022-05-11T18:52:26.888Z
0.87;288;22.54;47.42;9;20.91;0.12;24.29;24.98;1004;0;2022-05-11T18:52:38.121Z
0.5;115;22.54;47.4;9;20.75;0.13;24.29;24.98;1004;0;2022-05-11T18:52:49.088Z
0.66;155;22.54;47.42;9;20.44;0.13;24.29;24.96;1003.9;0;2022-05-11T18:52:59.981Z
1.48;135;22.54;47.56;9;20.13;0.12;24.29;24.96;1003.97;0;2022-05-11T18:53:10.905Z
1.41;228;22.53;47.52;8;20.13;0.13;24.29;24.96;1004;0;2022-05-11T18:53:21.808Z
2.66;270;22.53;47.55;8;19.97;0.12;24.29;24.95;1004;0;2022-05-11T18:53:32.809Z
1.38;275;22.51;47.55;8;19.81;0.12;24.29;24.95;1004;0;2022-05-11T18:53:43.811Z
2.43;253;22.51;47.54;8;19.66;0.13;24.29;24.95;1003.97;0;2022-05-11T18:53:54.747Z
1.87;208;22.51;47.43;8;19.66;0.13;24.29;24.93;1004.03;0;2022-05-11T18:54:05.629Z
1.7;218;22.51;47.45;8;19.19;0.12;24.29;24.93;1004;0;2022-05-11T18:54:16.542Z
1.28;168;22.5;47.5;8;19.03;0.12;24.29;24.93;1004;0;2022-05-11T18:54:27.413Z
0.51;253;22.5;47.55;8;18.72;0.12;24.29;24.91;1003.75;0;2022-05-11T18:54:38.349Z
0.87;200;22.5;47.59;7;18.72;0.13;24.29;24.91;1004;0;2022-05-11T18:54:49.307Z
0.49;195;22.5;47.64;7;18.41;0.13;24.29;24.91;1004;0;2022-05-11T18:55:00.220Z
1.04;248;22.48;47.71;7;17.94;0.13;24.29;24.9;1004;0;2022-05-11T18:55:11.113Z
0.9;248;22.48;47.75;7;17.63;0.13;24.29;24.9;1004;0;2022-05-11T18:55:22.016Z
0.97;243;22.48;47.79;7;17.32;0.13;24.29;24.9;1003.97;0;2022-05-11T18:55:32.984Z
0.69;255;22.48;47.85;6;17.16;0.13;24.16;24.88;1004;0;2022-05-11T18:55:43.909Z
1.09;218;22.48;47.9;6;16.85;0.12;24.16;24.88;1004;0;2022-05-11T18:55:54.901Z
1.04;235;22.46;47.82;6;16.54;0.13;24.16;24.88;1004;0;2022-05-11T18:56:05.858Z
1.15;268;22.46;47.85;6;16.38;0.13;24.16;24.87;1004;0;2022-05-11T18:56:16.784Z
1.09;275;22.46;47.82;6;16.22;0.12;24.16;24.87;1004.03;0;2022-05-11T18:56:27.852Z
1.47;270;22.46;47.82;6;16.22;0.13;24.16;24.87;1004.03;0;2022-05-11T18:56:38.788Z
2.43;265;22.46;47.87;6;15.91;0.12;24.16;24.85;1004.03;0;2022-05-11T18:56:49.777Z
2.38;223;22.45;47.8;5;15.6;0.13;24.16;24.85;1004;0;2022-05-11T18:57:00.756Z
3.17;253;22.45;47.78;5;15.44;0.12;24.16;24.85;1004.06;0;2022-05-11T18:57:11.659Z
1.79;293;22.43;47.83;5;15.13;0.13;24.16;24.84;1004.06;0;2022-05-11T18:57:22.571Z
1.33;278;22.43;47.89;5;14.98;0.13;24.16;24.84;1004.09;0;2022-05-11T18:57:33.672Z
2.23;253;22.43;47.94;5;14.66;0.13;24.16;24.84;1004.06;0;2022-05-11T18:57:44.707Z
3.01;258;22.42;47.93;5;14.66;0.12;24.16;24.84;1004;0;2022-05-11T18:57:55.643Z
1.47;223;22.42;47.84;5;14.35;0.13;24.02;24.82;1004.03;0;2022-05-11T18:58:06.545Z
1.19;293;22.42;47.82;4;14.2;0.13;24.02;24.82;1004.03;0;2022-05-11T18:58:17.491Z
1.29;235;22.4;47.86;4;13.88;0.12;24.02;24.82;1004.06;0;2022-05-11T18:58:28.415Z
0.65;308;22.4;47.92;4;13.57;0.13;24.02;24.8;1004.03;0;2022-05-11T18:58:39.382Z
0.87;278;22.4;48.04;4;13.42;0.13;24.02;24.8;1004.03;0;2022-05-11T18:58:50.430Z
1.48;195;22.4;47.97;4;14.66;3.52;27.75;24.79;1004.03;0;2022-05-11T18:59:01.323Z
1.02;235;22.4;48.12;4;12.64;0.13;24.02;24.79;1003.97;0;2022-05-11T18:59:12.249Z
1.16;288;22.4;48.17;4;12.48;0.12;24.02;24.79;1004.03;0;2022-05-11T18:59:23.163Z
1.15;243;22.4;48.25;4;12.17;0.12;24.02;24.79;1004.03;0;2022-05-11T18:59:34.066Z
1.55;310;22.4;48.32;3;12.01;0.13;24.02;24.77;1004.03;0;2022-05-11T18:59:44.990Z
0.79;215;22.39;48.37;3;11.7;0.12;24.02;24.77;1004.06;0;2022-05-11T18:59:55.981Z
2.18;255;22.39;48.35;3;11.54;0.13;24.02;24.77;1004.09;0;2022-05-11T19:00:06.929Z
3.09;55;22.39;48.17;3;11.54;0.13;24.02;24.76;1003.97;0;2022-05-11T19:00:17.897Z
1;155;22.39;47.95;3;11.08;0.12;24.02;24.76;1004.06;0;2022-05-11T19:00:28.865Z
1.09;248;22.37;47.91;3;10.92;0.13;24.02;24.76;1004.09;0;2022-05-11T19:00:39.778Z
2.11;198;22.37;47.94;3;10.76;0.12;24.02;24.76;1004.06;0;2022-05-11T19:00:50.746Z
2.46;248;22.39;47.98;3;10.76;0.13;24.02;24.74;1004.09;0;2022-05-11T19:01:03.941Z
2.83;213;22.37;47.97;3;10.61;0.13;24.02;24.74;1004.09;0;2022-05-11T19:01:14.921Z
2.64;235;22.39;47.95;3;10.45;0.12;24.02;24.74;1004.12;0;2022-05-11T19:01:25.833Z
3.23;200;22.37;47.99;3;10.3;0.12;24.02;24.74;1004.12;0;2022-05-11T19:01:36.802Z
2.04;213;22.37;48.04;3;10.3;0.12;24.02;24.73;1004.12;0;2022-05-11T19:01:48.112Z
1.2;255;22.37;48.12;3;9.98;0.12;24.02;24.73;1004.19;0;2022-05-11T19:01:59.915Z
1.12;310;22.35;48.09;2;9.83;0.12;24.02;24.71;1004.09;0;2022-05-11T19:02:11.028Z
0.64;270;22.35;48.09;2;9.67;0.13;24.02;24.73;1004.12;0;2022-05-11T19:02:21.930Z
1.03;293;22.35;48.13;2;9.52;0.12;23.89;24.71;1004.09;0;2022-05-11T19:02:32.977Z
2.4;238;22.35;48.17;2;9.36;0.12;23.89;24.71;1004.16;0;2022-05-11T19:02:43.944Z
1.91;268;22.35;48.14;2;9.2;0.13;23.89;24.69;1004.16;0;2022-05-11T19:02:54.923Z
2.04;275;22.35;48.16;2;9.2;0.12;23.89;24.71;1004.12;0;2022-05-11T19:03:06.868Z
1.83;228;22.35;48.18;2;9.05;0.13;23.89;24.69;1004.12;0;2022-05-11T19:03:17.771Z
2.31;218;22.35;48.2;2;8.74;0.13;23.89;24.69;1004.09;0;2022-05-11T19:03:28.839Z
1.73;190;22.35;48.13;2;8.58;0.12;24.02;24.69;1004.12;0;2022-05-11T19:03:39.785Z
0.96;253;22.34;48.4;2;8.58;0.12;24.02;24.69;1004.12;0;2022-05-11T19:03:50.906Z
2.43;208;22.34;48.51;2;8.11;0.12;24.02;24.68;1004.09;0;2022-05-11T19:04:01.919Z
2.42;295;22.32;48.44;2;7.96;0.12;24.02;24.68;1004.12;0;2022-05-11T19:04:12.789Z
2.66;248;22.32;48.4;2;7.8;0.13;24.02;24.68;1004.16;0;2022-05-11T19:04:23.833Z
4.39;240;22.32;48.44;2;7.64;0.13;24.02;24.68;1004.12;0;2022-05-11T19:04:34.792Z
3.43;235;22.32;48.37;1;7.49;0.12;23.89;24.66;1004.09;0;2022-05-11T19:04:45.806Z
2.88;243;22.31;48.3;1;7.33;0.13;23.89;24.66;1004.12;0;2022-05-11T19:04:56.720Z
1.05;245;22.31;48.41;1;7.18;0.13;23.89;24.66;1004.12;0;2022-05-11T19:05:07.665Z
2.25;230;22.31;48.47;1;7.18;0.12;23.89;24.66;1004.16;0;2022-05-11T19:05:18.623Z
3.25;235;22.31;48.45;1;7.02;0.12;23.89;24.65;1004.16;0;2022-05-11T19:05:29.503Z
2.14;215;22.29;48.4;1;6.86;0.13;23.89;24.65;1004.12;0;2022-05-11T19:05:40.580Z
1.74;265;22.29;48.43;1;6.86;0.13;23.89;24.65;1004.12;0;2022-05-11T19:05:51.647Z
2.29;225;22.28;48.42;1;6.55;0.13;23.89;24.65;1004.09;0;2022-05-11T19:06:02.562Z
2.74;260;22.28;48.37;1;6.71;0.12;23.89;24.63;1004.16;0;2022-05-11T19:06:13.576Z
2.06;243;22.28;48.4;1;6.71;0.13;23.89;24.63;1004.16;0;2022-05-11T19:06:24.620Z
2.67;243;22.28;48.44;1;6.4;0.13;23.89;24.63;1004.22;0;2022-05-11T19:06:35.589Z
3.22;200;22.28;48.47;1;6.4;0.12;23.89;24.63;1004.06;0;2022-05-11T19:06:46.570Z
3.44;260;22.26;48.43;1;8.27;3.5;27.59;24.62;1003.97;0;2022-05-11T19:06:57.550Z
1.72;245;22.26;48.41;1;6.4;0.12;23.89;24.62;1004.19;0;2022-05-11T19:07:08.727Z
0.96;195;22.26;48.41;1;6.24;0.12;23.89;24.62;1004.16;0;2022-05-11T19:07:19.662Z
1.24;173;22.24;48.56;1;6.24;0.13;23.89;24.62;1004.19;0;2022-05-11T19:07:30.641Z
1.16;198;22.24;48.66;1;6.24;0.12;23.89;24.6;1004.19;0;2022-05-11T19:07:42.475Z
1.19;260;22.24;48.72;1;5.93;0.12;23.89;24.6;1004.19;0;2022-05-11T19:07:53.520Z
2.32;198;22.24;48.73;1;5.93;0.13;23.89;24.6;1004.22;0;2022-05-11T19:08:05.650Z
3;230;22.24;48.71;1;5.77;0.13;23.89;24.58;1004.19;0;2022-05-11T19:08:16.585Z
2.63;213;22.23;48.63;1;5.77;0.12;23.89;24.58;1004.16;0;2022-05-11T19:08:27.959Z
2.24;208;22.24;48.66;1;5.77;0.13;23.89;24.58;1004.19;0;2022-05-11T19:08:39.530Z
1.42;258;22.23;48.62;1;5.46;0.12;23.89;24.58;1004.16;0;2022-05-11T19:08:50.663Z
1.75;235;22.23;48.66;1;5.46;0.13;23.89;24.57;1004.25;0;2022-05-11T19:09:01.564Z
1.3;235;22.23;48.76;1;5.3;0.13;23.75;24.57;1004.22;0;2022-05-11T19:09:12.588Z
0.96;200;22.21;48.79;1;5.15;0.13;23.76;24.57;1004.22;0;2022-05-11T19:09:23.526Z
0.68;208;22.21;48.84;1;5.15;0.12;23.75;24.57;1004.22;0;2022-05-11T19:09:34.451Z
0.6;248;22.21;48.83;1;4.99;0.13;23.75;24.55;1004.25;0;2022-05-11T19:09:45.365Z
0.31;160;22.21;48.91;1;4.84;0.13;23.75;24.55;1004.22;0;2022-05-11T19:09:56.632Z
0.47;310;22.21;48.93;1;4.99;0.12;23.75;24.55;1004.22;0;2022-05-11T19:10:07.700Z
0.73;265;22.21;48.88;0;4.84;0.13;23.75;24.55;1004.22;0;2022-05-11T19:10:18.593Z
1.31;255;22.21;48.89;0;4.68;0.12;23.75;24.54;1004.22;0;2022-05-11T19:10:29.550Z
1.84;208;22.21;48.89;0;4.84;0.12;23.75;24.54;1004.25;0;2022-05-11T19:10:40.463Z
2.09;213;22.21;48.89;0;4.68;0.13;23.76;24.54;1004.22;0;2022-05-11T19:10:51.454Z
0.79;230;22.21;48.94;0;4.68;0.12;23.75;24.54;1004.22;0;2022-05-11T19:11:02.411Z
1.13;275;22.21;48.99;0;4.52;0.13;23.75;24.52;1004.22;0;2022-05-11T19:11:13.303Z
2.03;275;22.2;48.9;0;6.4;3.52;27.49;24.52;1003.97;0;2022-05-11T19:11:24.194Z
2.32;245;22.2;49.01;0;4.68;0.12;23.89;24.52;1004.25;0;2022-05-11T19:11:35.154Z
1.41;158;22.2;49.02;0;4.68;0.13;23.89;24.51;1004.25;0;2022-05-11T19:11:46.046Z
0.63;278;22.2;49.06;0;4.68;0.13;23.89;24.52;1004.25;0;2022-05-11T19:11:56.950Z
1.19;235;22.2;49.11;0;4.68;0.12;23.89;24.51;1004.25;0;2022-05-11T19:12:07.874Z
1.66;255;22.2;49.07;0;4.68;0.13;23.89;24.51;1004.28;0;2022-05-11T19:12:18.766Z
1.74;225;22.2;49.01;0;4.68;0.13;23.89;24.51;1004.25;0;2022-05-11T19:12:29.680Z
2.06;275;22.18;48.85;0;4.52;0.12;23.75;24.51;1004.25;0;2022-05-11T19:12:40.648Z
2.09;228;22.18;48.74;0;4.52;0.13;23.75;24.49;1004.25;0;2022-05-11T19:12:51.725Z
2.07;235;22.18;48.79;0;4.52;0.12;23.75;24.49;1004.25;0;2022-05-11T19:13:02.693Z
3.15;248;22.18;48.87;0;4.52;0.13;23.75;24.49;1004.25;0;2022-05-11T19:13:13.661Z
2.86;298;22.18;48.94;0;4.52;0.12;23.76;24.49;1004.22;0;2022-05-11T19:13:24.849Z
1;228;22.18;48.89;0;4.37;0.12;23.75;24.47;1004.22;0;2022-05-11T19:13:35.807Z
1.22;208;22.18;48.92;0;4.37;0.12;23.75;24.47;1004.22;0;2022-05-11T19:13:46.766Z
0.76;318;22.17;48.89;0;4.21;0.13;23.75;24.47;1004.28;0;2022-05-11T19:13:57.792Z
0.78;198;22.17;48.89;0;4.06;0.12;23.75;24.46;1004.25;0;2022-05-11T19:14:08.738Z
1.77;198;22.18;48.92;0;4.06;0.13;23.75;24.46;1004.25;0;2022-05-11T19:14:19.676Z
1.17;235;22.18;48.91;0;3.9;0.13;23.75;24.46;1004.28;0;2022-05-11T19:14:30.643Z
0.54;155;22.18;48.95;0;3.9;0.13;23.75;24.46;1004.28;0;2022-05-11T19:14:41.677Z
0.36;175;22.18;48.99;0;3.74;0.13;23.76;24.46;1004.28;0;2022-05-11T19:14:53.962Z
0.41;168;22.18;48.99;0;3.74;0.12;23.75;24.44;1004.34;0;2022-05-11T19:15:04.930Z
0.44;245;22.18;49.02;0;3.74;0.13;23.76;24.44;1004.34;0;2022-05-11T19:15:15.975Z
2.33;238;22.18;49.04;0;3.74;0.12;23.75;24.44;1004.34;0;2022-05-11T19:15:26.888Z
3.18;235;22.18;48.99;0;3.74;0.13;23.75;24.44;1004.37;0;2022-05-11T19:15:37.792Z
2.85;275;22.18;48.99;0;3.59;0.13;23.75;24.43;1004.41;0;2022-05-11T19:15:48.815Z
2.84;230;22.18;48.96;0;3.59;0.12;23.75;24.43;1004.41;0;2022-05-11T19:15:59.750Z
1.61;268;22.2;48.95;0;3.43;0.13;23.75;24.41;1004.47;0;2022-05-11T19:16:10.685Z
1.15;15;22.2;48.92;0;3.28;0.12;23.75;24.41;1004.5;0;2022-05-11T19:16:21.611Z
1.52;108;22.2;48.93;0;3.28;0.13;23.75;24.41;1004.53;0;2022-05-11T19:16:32.592Z
2.58;278;22.2;48.91;0;3.12;0.13;23.75;24.41;1004.53;0;2022-05-11T19:16:43.649Z
2.2;298;22.2;48.85;0;3.12;0.12;23.75;24.4;1004.53;0;2022-05-11T19:16:54.594Z
1.82;295;22.18;48.75;0;2.96;0.13;23.62;24.4;1004.47;0;2022-05-11T19:17:05.532Z
2.22;355;22.18;48.74;0;2.96;0.12;23.62;24.4;1004.47;0;2022-05-11T19:17:16.469Z
1.06;295;22.17;48.75;0;2.96;0.12;23.62;24.38;1004.5;0;2022-05-11T19:17:27.492Z
0.9;60;22.17;48.73;0;2.81;0.12;23.62;24.38;1004.56;0;2022-05-11T19:17:38.428Z
1.69;318;22.15;48.76;0;2.81;0.13;23.62;24.38;1004.59;0;2022-05-11T19:17:49.450Z
0.64;295;22.13;48.8;0;2.65;0.12;23.62;24.38;1004.53;0;2022-05-11T19:18:00.418Z
2.23;318;22.12;48.79;0;2.65;0.12;23.75;24.36;1004.56;0;2022-05-11T19:18:11.367Z
1.57;265;22.1;48.79;0;2.65;0.12;23.75;24.36;1004.56;0;2022-05-11T19:18:22.270Z
3.05;328;22.09;48.8;0;2.65;0.13;23.75;24.35;1004.53;0;2022-05-11T19:18:33.206Z
1.82;150;22.07;48.74;0;2.5;0.13;23.75;24.35;1004.56;0;2022-05-11T19:18:44.206Z
2.74;243;22.06;48.74;0;2.5;0.12;23.75;24.35;1004.5;0;2022-05-11T19:18:55.130Z
2.33;318;22.04;48.75;0;2.5;0.13;23.75;24.33;1004.59;0;2022-05-11T19:19:06.067Z
2.59;68;22.02;48.58;0;4.21;3.51;27.46;24.33;1004.25;0;2022-05-11T19:19:17.092Z
1.82;275;21.99;48.74;0;2.5;0.12;23.48;24.32;1004.63;0;2022-05-11T19:19:28.037Z
3.57;230;21.98;48.8;0;2.34;0.12;23.48;24.32;1004.5;0;2022-05-11T19:19:39.071Z
3.16;30;21.95;48.79;0;2.34;0.13;23.48;24.32;1004.56;0;2022-05-11T19:19:49.985Z
1.17;345;21.9;48.92;0;2.34;0.12;23.48;24.29;1004.56;0;2022-05-11T19:20:00.897Z
1.22;190;21.88;49.01;0;2.18;0.13;23.48;24.29;1004.53;0;2022-05-11T19:20:11.843Z
0.86;295;21.85;49.06;0;2.34;0.12;23.48;24.29;1004.53;0;2022-05-11T19:20:22.747Z
0.68;280;21.84;49.1;0;2.18;0.13;23.48;24.27;1004.56;0;2022-05-11T19:20:33.714Z
1.17;188;21.82;49.13;0;2.18;0.12;23.48;24.27;1004.53;0;2022-05-11T19:20:44.694Z
1.93;245;21.8;49.16;0;2.03;0.12;23.48;24.25;1004.53;0;2022-05-11T19:20:55.631Z
3.86;308;21.79;49.2;-1;2.03;0.13;23.49;24.25;1004.63;0;2022-05-11T19:21:06.557Z
2.72;3;21.77;49.18;-1;2.03;0.13;23.48;24.24;1004.59;0;2022-05-11T19:21:17.492Z
1.75;30;21.74;49.25;-1;2.03;0.13;23.48;24.24;1004.56;0;2022-05-11T19:21:28.396Z
1.78;13;21.73;49.28;-1;1.87;0.12;23.48;24.22;1004.63;0;2022-05-11T19:21:39.288Z
1.86;208;21.71;49.37;-1;1.87;0.12;23.48;24.22;1004.59;0;2022-05-11T19:21:50.179Z
1.55;278;21.68;49.41;-1;1.87;0.12;23.48;24.21;1004.56;0;2022-05-11T19:22:01.092Z
1;198;21.65;49.49;-1;1.72;0.12;23.48;24.21;1004.56;0;2022-05-11T19:22:13.235Z
0.95;308;21.63;49.52;-1;1.72;0.13;23.48;24.19;1004.59;0;2022-05-11T19:22:24.270Z
0.97;295;21.62;49.55;-1;1.56;0.13;23.48;24.19;1004.63;0;2022-05-11T19:22:36.236Z
1.98;298;21.6;49.59;-1;1.56;0.12;23.48;24.17;1004.56;0;2022-05-11T19:22:47.161Z
1.63;58;21.58;49.53;-1;1.56;0.12;23.48;24.17;1004.56;0;2022-05-11T19:22:58.064Z
2.03;243;21.55;49.56;-1;1.56;0.12;23.48;24.16;1004.59;0;2022-05-11T19:23:09.306Z
2.19;245;21.54;49.59;-1;1.56;0.12;23.48;24.16;1004.63;0;2022-05-11T19:23:20.241Z
2.61;268;21.49;49.7;-1;1.4;0.13;23.48;24.14;1004.66;0;2022-05-11T19:23:31.168Z
3.56;295;21.47;49.56;-1;3.28;3.51;27.2;24.13;1004.59;0;2022-05-11T19:23:42.126Z
1.93;303;21.44;49.69;-1;1.4;0.12;23.35;24.13;1004.66;0;2022-05-11T19:23:53.063Z
1.95;298;21.43;49.75;-1;1.4;0.13;23.35;24.11;1004.59;0;2022-05-11T19:24:03.998Z
2.13;3;21.39;49.75;-1;1.4;0.12;23.35;24.11;1004.63;0;2022-05-11T19:24:14.900Z
1.32;228;21.38;49.81;-1;1.09;0.12;23.35;24.1;1004.69;0;2022-05-11T19:24:25.793Z
1.56;88;21.35;49.85;-1;1.25;0.12;23.35;24.08;1004.63;0;2022-05-11T19:24:36.805Z
1.35;243;21.33;49.9;-1;1.25;0.12;23.35;24.08;1004.63;0;2022-05-11T19:24:47.707Z
1.48;140;21.32;49.96;-1;1.09;0.13;23.22;24.06;1004.66;0;2022-05-11T19:24:58.600Z
2.22;308;21.28;49.97;-1;0.94;0.13;23.22;24.06;1004.66;0;2022-05-11T19:25:09.546Z
1.95;328;21.25;49.96;-1;1.09;0.12;23.22;24.06;1004.63;0;2022-05-11T19:25:20.481Z
3.1;230;21.24;50.02;-1;0.94;0.12;23.22;24.05;1004.53;0;2022-05-11T19:25:31.430Z
4.02;235;21.21;50;-1;0.94;0.12;23.22;24.03;1004.63;0;2022-05-11T19:25:42.354Z
3.68;260;21.17;50.06;-1;0.94;0.13;23.22;24.03;1004.63;0;2022-05-11T19:25:53.270Z
2.71;253;21.16;50.12;-1;0.78;0.12;23.08;24.02;1004.66;0;2022-05-11T19:26:04.193Z
1.43;280;21.13;50.2;-2;0.78;0.12;23.08;24.02;1004.69;0;2022-05-11T19:26:15.107Z
2.3;303;21.11;50.28;-2;0.78;0.12;23.08;24;1004.66;0;2022-05-11T19:26:26.000Z
1.72;53;21.1;50.34;-2;0.62;0.12;23.08;24;1004.69;0;2022-05-11T19:26:36.903Z
1.28;243;21.08;50.39;-2;0.62;0.12;23.08;23.99;1004.69;0;2022-05-11T19:26:47.793Z
0.95;348;21.05;50.46;-2;0.78;0.13;23.08;23.99;1004.69;0;2022-05-11T19:26:58.696Z
0.78;15;21.03;50.51;-2;0.62;0.13;23.08;23.97;1004.44;0;2022-05-11T19:27:09.598Z
0.65;8;21.03;50.59;-2;0.62;0.13;23.08;23.97;1004.72;0;2022-05-11T19:27:20.500Z
0.62;315;21;50.7;-2;0.62;0.12;23.08;23.95;1004.72;0;2022-05-11T19:27:31.412Z
0.92;200;20.99;50.73;-2;0.62;0.12;23.08;23.94;1004.72;0;2022-05-11T19:27:42.360Z
0.44;28;20.97;50.77;-2;0.62;0.12;23.08;23.94;1004.75;0;2022-05-11T19:27:53.297Z
1.28;228;20.95;50.8;-2;0.62;0.12;23.08;23.92;1004.75;0;2022-05-11T19:28:04.178Z
2.13;240;20.94;50.83;-2;0.62;0.12;23.08;23.92;1004.72;0;2022-05-11T19:28:15.157Z
0.73;68;20.94;50.86;-2;0.62;0.12;23.08;23.92;1004.75;0;2022-05-11T19:28:26.027Z
1.19;278;20.92;50.9;-2;0.47;0.12;23.08;23.91;1004.78;0;2022-05-11T19:28:36.941Z
2.36;175;20.91;50.95;-2;0.62;0.12;23.08;23.91;1004.72;0;2022-05-11T19:28:47.833Z
1.25;93;20.89;50.94;-2;0.47;0.12;23.08;23.91;1004.75;0;2022-05-11T19:28:58.746Z
0.87;315;20.88;51;-2;0.47;0.12;23.08;23.89;1004.78;0;2022-05-11T19:29:09.660Z
2.19;275;20.86;51.02;-2;0.31;0.12;23.08;23.88;1004.78;0;2022-05-11T19:29:20.562Z
1.43;293;20.84;51.09;-2;0.47;0.12;22.95;23.88;1004.75;0;2022-05-11T19:29:31.466Z
1.43;8;20.83;51.17;-2;0.31;0.12;22.95;23.86;1004.78;0;2022-05-11T19:29:42.356Z
1.54;278;20.83;51.16;-2;0.47;0.12;22.95;23.86;1004.78;0;2022-05-11T19:29:53.294Z
1.92;328;20.81;51.19;-2;0.31;0.12;22.94;23.84;1004.81;0;2022-05-11T19:30:04.222Z
1.93;268;20.8;51.17;-2;0.31;0.13;22.95;23.84;1004.85;0;2022-05-11T19:30:15.190Z
2.15;228;20.78;51.19;-2;0.31;0.12;22.95;23.84;1004.78;0;2022-05-11T19:30:26.137Z
3.43;280;20.77;51.19;-2;0.31;0.12;22.81;23.83;1004.85;0;2022-05-11T19:30:37.051Z
2.77;235;20.75;51.2;-2;0.31;0.12;22.81;23.83;1004.78;0;2022-05-11T19:30:47.987Z
2.93;278;20.73;51.24;-2;0.16;0.12;22.81;23.81;1004.81;0;2022-05-11T19:30:59.043Z
2.8;288;20.72;51.26;-2;0.31;0.12;22.81;23.81;1004.75;0;2022-05-11T19:31:09.947Z
3.17;278;20.69;51.31;-2;0.31;0.12;22.81;23.8;1004.85;0;2022-05-11T19:31:20.905Z
1.11;213;20.67;51.23;-2;2.03;3.49;26.52;23.8;1004.56;0;2022-05-11T19:31:31.798Z
0.99;180;20.66;51.44;-2;0.31;0.12;22.68;23.78;1004.88;0;2022-05-11T19:31:42.722Z
2.88;305;20.64;51.48;-2;0.31;0.12;22.68;23.78;1004.91;0;2022-05-11T19:31:53.690Z
2.86;268;20.63;51.51;-2;0.16;0.12;22.68;23.77;1004.88;0;2022-05-11T19:32:04.626Z
1.95;308;20.61;51.59;-2;0.31;0.12;22.68;23.77;1004.88;0;2022-05-11T19:32:15.530Z
1.99;235;20.59;51.6;-2;0.16;0.12;22.68;23.77;1004.91;0;2022-05-11T19:32:26.423Z
1.56;270;20.59;51.66;-2;0;0.12;22.68;23.75;1004.88;0;2022-05-11T19:32:37.423Z
1.88;213;20.56;51.72;-2;0.16;0.12;22.68;23.73;1004.85;0;2022-05-11T19:32:48.326Z
1.02;248;20.56;51.72;-2;0.16;0.12;22.68;23.73;1004.91;0;2022-05-11T19:32:59.329Z
1.44;278;20.53;51.79;-2;0;0.12;22.68;23.72;1004.85;0;2022-05-11T19:33:10.241Z
2.69;293;20.52;51.83;-2;0.16;0.12;22.67;23.72;1004.91;0;2022-05-11T19:33:21.144Z
0.97;140;20.52;51.84;-2;0;0.12;22.68;23.7;1004.88;0;2022-05-11T19:33:32.058Z
0.36;175;20.5;51.88;-2;0;0.12;22.68;23.7;1004.91;0;2022-05-11T19:33:42.971Z
0.55;218;20.5;51.91;-2;0;0.12;22.54;23.69;1004.91;0;2022-05-11T19:33:53.907Z
0.53;208;20.48;51.99;-2;0;0.12;22.54;23.69;1004.94;0;2022-05-11T19:34:04.844Z
1.85;235;20.48;51.98;-2;0;0.12;22.54;23.67;1004.94;0;2022-05-11T19:34:15.758Z
2.01;268;20.47;51.98;-2;0;0.12;22.54;23.67;1004.94;0;2022-05-11T19:34:26.648Z
2.52;325;20.45;52.01;-2;0;0.12;22.54;23.66;1004.85;0;2022-05-11T19:34:37.652Z
1.84;10;20.45;52;-2;0;0.12;22.55;23.66;1004.94;0;2022-05-11T19:34:48.576Z
1.43;345;20.44;52.05;-2;0;0.12;22.54;23.64;1004.69;0;2022-05-11T19:34:59.511Z
1;195;20.44;52.09;-2;0;0.12;22.41;23.64;1004.97;0;2022-05-11T19:35:10.457Z
0.84;228;20.42;52.13;-2;0;0.12;22.41;23.62;1004.97;0;2022-05-11T19:35:21.381Z
1.65;168;20.42;52.17;-2;0;0.12;22.41;23.62;1004.97;0;2022-05-11T19:35:32.273Z
1.12;258;20.41;52.22;-2;0;0.12;22.41;23.61;1004.97;0;2022-05-11T19:35:43.185Z
1.83;248;20.41;52.25;-2;0;0.12;22.41;23.61;1004.97;0;2022-05-11T19:35:54.177Z
2.38;43;20.41;52.12;-2;0.31;0.12;22.41;23.61;1004.97;0;2022-05-11T19:36:05.068Z
1.95;288;20.39;52.3;-2;0;0.12;22.41;23.59;1004.97;0;2022-05-11T19:36:15.972Z
1.62;275;20.39;52.3;-2;0;0.12;22.41;23.59;1004.97;0;2022-05-11T19:36:26.875Z
1.69;188;20.39;52.35;-2;0;0.12;22.41;23.58;1005.03;0;2022-05-11T19:36:37.768Z
2.63;260;20.37;52.34;-2;0;0.12;22.41;23.58;1005.03;0;2022-05-11T19:36:48.670Z
2.35;158;20.37;52.35;-2;0;0.12;22.41;23.56;1004.97;0;2022-05-11T19:36:59.597Z
3.46;270;20.36;52.36;-2;0;0.12;22.41;23.56;1005;0;2022-05-11T19:37:10.488Z
2.7;258;20.34;52.43;-2;0;0.12;22.28;23.55;1005;0;2022-05-11T19:37:22.117Z
2.56;278;20.34;52.41;-2;0;0.12;22.28;23.55;1005;0;2022-05-11T19:37:33.030Z
1.92;278;20.33;52.41;-2;0;0.12;22.28;23.53;1004.97;0;2022-05-11T19:37:43.999Z
1.31;155;20.33;52.48;-2;0;0.12;22.28;23.53;1005.03;0;2022-05-11T19:37:54.892Z
0.54;138;20.31;52.49;-2;0;0.12;22.28;23.51;1004.97;0;2022-05-11T19:38:05.881Z
0.84;170;20.31;52.46;-2;0;0.12;22.28;23.51;1005;0;2022-05-11T19:38:16.840Z
1.23;235;20.31;52.52;-2;0;0.12;22.28;23.51;1005.03;0;2022-05-11T19:38:27.730Z
2.14;230;20.3;52.55;-2;0;0.12;22.28;23.5;1004.97;0;2022-05-11T19:38:39.830Z
2.55;325;20.28;52.57;-2;0;0.12;22.28;23.5;1004.97;0;2022-05-11T19:38:50.736Z
1.52;268;20.28;52.55;-2;0;0.12;22.28;23.48;1005;0;2022-05-11T19:39:01.704Z
1.81;228;20.26;52.58;-2;0;0.12;22.28;23.48;1005.03;0;2022-05-11T19:39:12.716Z
2.09;223;20.26;52.47;-2;1.4;3.48;25.98;23.47;1004.72;0;2022-05-11T19:39:23.597Z
2.85;355;20.25;52.62;-2;0;0.12;22.28;23.47;1005;0;2022-05-11T19:39:34.556Z
2.43;288;20.25;52.62;-2;0;0.12;22.28;23.45;1005;0;2022-05-11T19:39:45.766Z
2.07;253;20.25;52.63;-2;0;0.12;22.28;23.45;1005;0;2022-05-11T19:39:56.680Z
1.43;230;20.23;52.67;-2;0;0.12;22.28;23.45;1005;0;2022-05-11T19:40:07.573Z
0.86;358;20.22;52.72;-2;0;0.12;22.28;23.44;1005.03;0;2022-05-11T19:40:18.498Z
0.42;95;20.22;52.78;-2;0;0.12;22.28;23.44;1005.03;0;2022-05-11T19:40:29.422Z
0.97;288;20.22;52.77;-2;0;0.12;22.14;23.44;1005.03;0;2022-05-11T19:40:40.335Z
1.57;230;20.2;52.81;-2;0;0.12;22.14;23.42;1005;0;2022-05-11T19:40:51.292Z
2.04;348;20.2;52.8;-2;0;0.12;22.14;23.4;1005.03;0;2022-05-11T19:41:02.337Z
1.47;180;20.2;52.82;-2;0;0.12;22.14;23.4;1005.03;0;2022-05-11T19:41:13.328Z
1.37;175;20.2;52.82;-2;0;0.12;22.14;23.4;1005.03;0;2022-05-11T19:41:24.230Z
1.08;308;20.19;52.84;-2;0;0.12;22.14;23.39;1005.03;0;2022-05-11T19:41:35.134Z
1.28;270;20.19;52.89;-2;0;0.12;22.14;23.39;1005.06;0;2022-05-11T19:41:46.070Z
2.57;325;20.19;52.9;-2;0;0.12;22.14;23.37;1005;0;2022-05-11T19:41:57.005Z
1.3;55;20.17;52.86;-2;0;0.12;22.14;23.37;1005.03;0;2022-05-11T19:42:08.060Z
1.51;188;20.17;52.87;-2;0;0.12;22.14;23.37;1005.03;0;2022-05-11T19:42:18.984Z
1;243;20.17;52.9;-2;0;0.12;22.14;23.36;1005.03;0;2022-05-11T19:42:29.919Z
0.79;280;20.17;52.94;-2;0;0.12;22.14;23.36;1005;0;2022-05-11T19:42:40.821Z
0.45;275;20.15;52.98;-2;0;0.12;22.01;23.34;1005;0;2022-05-11T19:42:51.812Z
0.38;308;20.15;53;-2;0;0.12;22.01;23.34;1005.03;0;2022-05-11T19:43:02.771Z
0.51;295;20.15;53;-2;0;0.12;22.01;23.33;1005.03;0;2022-05-11T19:43:13.698Z
0.33;158;20.15;53.02;-2;0;0.12;22.01;23.33;1005.06;0;2022-05-11T19:43:24.643Z
0.09;140;20.15;53.02;-2;0;0.12;22.01;23.33;1005.06;0;2022-05-11T19:43:35.536Z
0.35;25;20.15;53.02;-2;0;0.12;22.01;23.31;1005.03;0;2022-05-11T19:43:46.439Z
0.81;305;20.14;52.91;-2;1.4;3.49;25.71;23.31;1004.78;0;2022-05-11T19:43:57.408Z
1.04;268;20.15;53.07;-2;0;0.12;22.01;23.31;1005.06;0;2022-05-11T19:44:08.365Z
1.7;303;20.15;53.07;-2;0;0.12;22.01;23.29;1005;0;2022-05-11T19:44:19.355Z
2.88;325;20.14;53.07;-2;0;0.12;22.01;23.29;1004.97;0;2022-05-11T19:44:30.259Z
0.58;238;20.14;53.07;-2;0;0.12;22.01;23.28;1005;0;2022-05-11T19:44:41.173Z
1.46;328;20.12;53.09;-2;0;0.12;22.01;23.28;1005;0;2022-05-11T19:44:52.108Z
1.51;275;20.12;53.13;-2;0;0.12;21.88;23.26;1004.97;0;2022-05-11T19:45:03.055Z
0.83;255;20.12;53.12;-2;0;0.12;21.88;23.26;1005.06;0;2022-05-11T19:45:14.089Z
1.9;30;20.11;53.09;-2;0;0.12;21.87;23.26;1005;0;2022-05-11T19:45:25.144Z
1.01;270;20.11;53.13;-2;0;0.12;21.88;23.25;1005.03;0;2022-05-11T19:45:36.036Z
1.53;198;20.11;53.14;-2;0;0.12;21.88;23.25;1005.06;0;2022-05-11T19:45:46.972Z
1.37;253;20.11;53.14;-2;0;0.12;21.87;23.23;1005.03;0;2022-05-11T19:45:57.895Z
0.91;280;20.09;53.2;-2;0;0.12;21.88;23.23;1005.06;0;2022-05-11T19:46:08.788Z
1.26;278;20.09;53.19;-2;0;0.12;21.87;23.22;1005.06;0;2022-05-11T19:46:19.822Z
1.47;260;20.09;53.18;-2;0;0.12;21.87;23.22;1004.97;0;2022-05-11T19:46:30.769Z
1.43;255;20.08;53.12;-2;0;0.12;21.87;23.2;1005.06;0;2022-05-11T19:46:41.694Z
0.75;25;20.08;53.1;-2;0;0.12;21.87;23.2;1005.1;0;2022-05-11T19:46:52.641Z
1.18;155;20.08;53.12;-2;0;0.12;21.88;23.2;1005.06;0;2022-05-11T19:47:03.576Z
1.45;225;20.06;53.12;-2;1.09;3.47;25.56;23.18;1004.81;0;2022-05-11T19:47:14.467Z
1.76;255;20.06;53.25;-2;0;0.12;21.87;23.18;1005.06;0;2022-05-11T19:47:25.415Z
2.22;195;20.06;53.24;-2;0;0.12;21.87;23.18;1005.1;0;2022-05-11T19:47:36.318Z
1.85;303;20.04;53.24;-2;0;0.12;21.87;23.17;1005.13;0;2022-05-11T19:47:47.196Z
1.31;213;20.04;53.25;-2;0;0.12;21.88;23.17;1005.1;0;2022-05-11T19:47:58.110Z
0.79;308;20.04;53.31;-2;0;0.12;21.88;23.17;1005.1;0;2022-05-11T19:48:09.056Z
1.79;15;20.03;53.39;-2;0;0.12;21.87;23.15;1005.06;0;2022-05-11T19:48:19.958Z
1.02;255;20.03;53.41;-2;0;0.12;21.74;23.15;1005.1;0;2022-05-11T19:48:30.905Z
1.83;248;20.01;53.36;-2;0;0.12;21.74;23.14;1005.1;0;2022-05-11T19:48:41.830Z
1.86;335;20.01;53.38;-2;0;0.12;21.74;23.14;1005.1;0;2022-05-11T19:48:52.724Z
3.59;253;20;53.36;-2;0;0.12;21.74;23.12;1005.1;0;2022-05-11T19:49:03.659Z
2.6;268;19.98;53.36;-2;0;0.12;21.74;23.12;1005.13;0;2022-05-11T19:49:14.659Z
2.02;335;19.98;53.4;-2;0;0.12;21.74;23.12;1005.1;0;2022-05-11T19:49:25.551Z
1.44;15;19.98;53.39;-2;0;0.12;21.6;23.1;1005.1;0;2022-05-11T19:49:36.606Z
0.99;278;19.97;53.44;-2;0;0.12;21.6;23.1;1005.1;0;2022-05-11T19:49:47.554Z
0.43;83;19.97;53.47;-2;0;0.12;21.6;23.1;1005.13;0;2022-05-11T19:49:58.478Z
0.45;8;19.97;53.45;-2;0;0.12;21.6;23.09;1005.1;0;2022-05-11T19:50:09.404Z
1.06;293;19.95;53.52;-2;0;0.12;21.6;23.09;1005.1;0;2022-05-11T19:50:20.395Z
0.71;175;19.95;53.51;-2;0;0.12;21.6;23.07;1005.13;0;2022-05-11T19:50:31.397Z
0.36;28;19.95;53.54;-2;0;0.12;21.6;23.07;1005.13;0;2022-05-11T19:50:42.298Z
0.64;200;19.93;53.55;-2;0;0.12;21.6;23.06;1005.13;0;2022-05-11T19:50:53.190Z
1.37;265;19.93;53.57;-2;0;0.12;21.6;23.06;1005.13;0;2022-05-11T19:51:04.102Z
1.84;308;19.93;53.56;-2;0;0.12;21.6;23.06;1005.13;0;2022-05-11T19:51:15.040Z
2.8;223;19.93;53.56;-2;0;0.12;21.6;23.04;1005.13;0;2022-05-11T19:51:25.965Z
2.63;235;19.92;53.62;-2;0;0.12;21.6;23.04;1005.13;0;2022-05-11T19:51:36.922Z
1.04;300;19.92;53.52;-2;1.09;3.48;25.3;23.04;1004.88;0;2022-05-11T19:51:47.912Z
1.51;260;19.9;53.64;-2;0;0.12;21.47;23.03;1005.13;0;2022-05-11T19:51:58.902Z
1.69;198;19.9;53.67;-2;0;0.12;21.47;23.03;1005.13;0;2022-05-11T19:52:09.871Z
0.87;260;19.89;53.71;-2;0;0.12;21.47;23.03;1005.16;0;2022-05-11T19:52:20.775Z
1.74;278;19.89;53.69;-2;0;0.12;21.47;23.01;1005.13;0;2022-05-11T19:52:31.689Z
1.21;270;19.87;53.72;-2;0;0.12;21.47;23.01;1005.16;0;2022-05-11T19:52:42.591Z
2.08;235;19.87;53.76;-2;0;0.12;21.47;22.99;1005.1;0;2022-05-11T19:52:53.527Z
1.3;275;19.87;53.78;-2;0;0.12;21.47;22.99;1005.16;0;2022-05-11T19:53:04.541Z
1.69;293;19.86;53.77;-2;0;0.12;21.47;22.99;1005.13;0;2022-05-11T19:53:15.553Z
1.49;293;19.86;53.78;-2;0;0.12;21.47;22.99;1005.16;0;2022-05-11T19:53:26.458Z
1.6;255;19.84;53.81;-2;0;0.12;21.47;22.98;1005.19;0;2022-05-11T19:53:37.374Z
1.82;8;19.84;53.82;-2;0;0.12;21.47;22.98;1005.16;0;2022-05-11T19:53:48.287Z
0.85;355;19.84;53.83;-2;0;0.12;21.47;22.96;1005.19;0;2022-05-11T19:53:59.211Z
1.94;228;19.84;53.84;-2;0;0.12;21.47;22.96;1005.19;0;2022-05-11T19:54:10.125Z
1.64;333;19.84;53.86;-2;0;0.12;21.47;22.96;1005.19;0;2022-05-11T19:54:21.049Z
1.08;188;19.82;53.9;-2;0;0.12;21.47;22.95;1005.16;0;2022-05-11T19:54:32.008Z
0.47;255;19.82;53.91;-2;0;0.12;21.47;22.95;1005.22;0;2022-05-11T19:54:42.889Z
1.61;235;19.81;53.94;-2;0;0.12;21.47;22.93;1005.22;0;2022-05-11T19:54:53.802Z
2.27;258;19.81;53.94;-2;1.25;3.47;25.16;22.93;1004.94;0;2022-05-11T19:55:04.814Z
1.21;270;19.81;54.01;-2;0;0.12;21.47;22.93;1005.19;0;2022-05-11T19:55:16.156Z
1.38;248;19.79;54.03;-2;0;0.12;21.47;22.92;1005.19;0;2022-05-11T19:55:27.057Z
1.91;258;19.79;54.03;-2;0;0.12;21.47;22.92;1005.19;0;2022-05-11T19:55:37.961Z
2.62;270;19.78;54.04;-2;0;0.12;21.47;22.92;1005.19;0;2022-05-11T19:55:48.886Z
1.93;228;19.78;54.05;-2;0;0.12;21.47;22.9;1005.19;0;2022-05-11T19:55:59.800Z
2.49;8;19.76;53.95;-2;1.25;3.48;25.16;22.9;1005.19;0;2022-05-11T19:56:10.844Z
1.5;215;19.76;54.12;-2;0;0.12;21.33;22.88;1005.22;0;2022-05-11T19:56:21.902Z
1.13;248;19.76;54.14;-2;0;0.12;21.33;22.88;1005.19;0;2022-05-11T19:56:33.870Z
0.95;223;19.75;54.16;-2;0;0.12;21.33;22.88;1005.19;0;2022-05-11T19:56:44.805Z
1.07;208;19.75;54.16;-2;0;0.12;21.33;22.87;1005.19;0;2022-05-11T19:56:55.751Z
1.15;295;19.75;54.17;-2;0;0.12;21.33;22.87;1005.19;0;2022-05-11T19:57:06.719Z
0.49;218;19.75;54.2;-2;0;0.12;21.33;22.87;1005.16;0;2022-05-11T19:57:17.688Z
2.08;315;19.73;54.2;-2;0;0.12;21.33;22.85;1005.19;0;2022-05-11T19:57:28.656Z
1.15;228;19.73;54.23;-2;0;0.12;21.33;22.85;1005.22;0;2022-05-11T19:57:39.612Z
1.41;278;19.73;54.27;-2;0;0.12;21.33;22.85;1005.22;0;2022-05-11T19:57:50.515Z
1.58;255;19.73;54.33;-2;0;0.12;21.33;22.84;1005.19;0;2022-05-11T19:58:01.495Z
0.82;275;19.71;54.35;-2;0;0.12;21.33;22.84;1005.22;0;2022-05-11T19:58:12.420Z
0.99;45;19.71;54.35;-2;0;0.12;21.33;22.84;1005.19;0;2022-05-11T19:58:23.366Z
0.74;275;19.71;54.39;-2;0;0.12;21.33;22.82;1005.19;0;2022-05-11T19:58:34.268Z
1.32;78;19.71;54.33;-2;0;0.12;21.33;22.82;1005.22;0;2022-05-11T19:58:45.148Z
0.69;35;19.7;54.35;-2;0;0.12;21.33;22.82;1005.22;0;2022-05-11T19:58:56.096Z
1.25;248;19.7;54.39;-2;0;0.12;21.33;22.81;1005.22;0;2022-05-11T19:59:06.988Z
1.39;288;19.7;54.4;-2;0;0.12;21.33;22.81;1005.22;0;2022-05-11T19:59:18.056Z
1.98;8;19.7;54.38;-2;0;0.12;21.33;22.81;1005.19;0;2022-05-11T19:59:28.970Z
1.3;5;19.7;54.25;-2;1.25;3.47;25.02;22.81;1004.94;0;2022-05-11T19:59:39.850Z
1.29;320;19.68;54.4;-1;0;0.12;21.2;22.79;1005.22;0;2022-05-11T19:59:50.873Z
1.38;275;19.68;54.44;-1;0;0.12;21.2;22.79;1005.25;0;2022-05-11T20:00:01.767Z
1.6;243;19.68;54.45;-1;0;0.12;21.2;22.79;1005.25;0;2022-05-11T20:00:12.759Z
1.33;255;19.68;54.48;-1;0;0.12;21.2;22.77;1005.22;0;2022-05-11T20:00:23.672Z
2.03;255;19.67;54.51;-1;0;0.12;21.2;22.77;1005.19;0;2022-05-11T20:00:34.608Z
2.8;268;19.67;54.5;-1;0;0.12;21.2;22.77;1005.22;0;2022-05-11T20:00:45.663Z
1.52;288;19.65;54.55;-1;0;0.12;21.2;22.77;1005.19;0;2022-05-11T20:00:57.696Z
1.65;315;19.65;54.56;-1;0;0.12;21.2;22.76;1005.19;0;2022-05-11T20:01:08.676Z
2.02;278;19.65;54.57;-1;0;0.12;21.2;22.76;1005.19;0;2022-05-11T20:01:19.666Z
1.48;328;19.64;54.56;-1;0;0.12;21.2;22.74;1005.19;0;2022-05-11T20:01:30.601Z
0.7;348;19.64;54.58;-1;0;0.12;21.2;22.74;1005.19;0;2022-05-11T20:01:41.505Z
0.78;38;19.64;54.6;-1;0;0.12;21.2;22.73;1005.22;0;2022-05-11T20:01:52.418Z
0.89;275;19.64;54.64;-1;0;0.12;21.2;22.73;1005.22;0;2022-05-11T20:02:03.353Z
1.23;228;19.64;54.67;-2;0;0.12;21.2;22.73;1005.22;0;2022-05-11T20:02:14.344Z
0.56;18;19.64;54.75;-2;0;0.12;21.2;22.71;1005.22;0;2022-05-11T20:02:25.391Z
0.67;138;19.62;54.76;-2;0;0.12;21.2;22.71;1005.22;0;2022-05-11T20:02:36.316Z
1.13;348;19.62;54.77;-2;0;0.12;21.2;22.71;1005.19;0;2022-05-11T20:02:47.329Z
1.69;275;19.62;54.75;-2;0;0.12;21.2;22.7;1005.19;0;2022-05-11T20:02:58.493Z
1.21;315;19.62;54.74;-2;0;0.12;21.2;22.7;1005.19;0;2022-05-11T20:03:12.798Z
0.86;255;19.62;54.75;-2;0;0.12;21.2;22.68;1005.22;0;2022-05-11T20:03:24.194Z
1;293;19.6;54.76;-2;0;0.12;21.2;22.68;1005.19;0;2022-05-11T20:03:35.843Z
2.19;250;19.62;54.75;-2;0;0.12;21.2;22.68;1005.19;0;2022-05-11T20:03:46.724Z
1.89;215;19.6;54.75;-2;0;0.12;21.2;22.66;1005.19;0;2022-05-11T20:03:57.648Z
1.62;288;19.6;54.6;-2;1.4;3.48;24.88;22.66;1004.91;0;2022-05-11T20:04:08.594Z
0.87;318;19.6;54.71;-2;0;0.12;21.07;22.66;1005.16;0;2022-05-11T20:04:19.561Z
0.85;75;19.6;54.71;-2;0;0.12;21.07;22.65;1005.19;0;2022-05-11T20:04:30.595Z
0.58;328;19.59;54.78;-2;0;0.12;21.07;22.63;1005.19;0;2022-05-11T20:04:41.553Z
1.12;303;19.59;54.76;-2;0;0.12;21.07;22.63;1005.22;0;2022-05-11T20:04:53.365Z
1.01;28;19.59;54.8;-2;0;0.12;21.07;22.63;1005.19;0;2022-05-11T20:05:04.310Z
0.45;68;19.59;54.84;-2;0;0.12;21.2;22.63;1005.22;0;2022-05-11T20:05:15.279Z
0.49;318;19.59;54.8;-2;0;0.12;21.2;22.62;1005.19;0;2022-05-11T20:05:26.136Z
0.63;8;19.59;54.83;-2;0;0.12;21.2;22.62;1005.22;0;2022-05-11T20:05:37.039Z
0.79;315;19.59;54.83;-2;0;0.12;21.2;22.62;1005.19;0;2022-05-11T20:05:48.062Z
0.61;75;19.59;54.81;-2;0;0.12;21.2;22.6;1005.19;0;2022-05-11T20:05:58.975Z
0.59;228;19.59;54.85;-2;0;0.12;21.2;22.6;1005.16;0;2022-05-11T20:06:09.866Z
0.51;230;19.59;54.86;-2;0;0.12;21.2;22.6;1005.16;0;2022-05-11T20:06:20.888Z
1.03;255;19.57;54.87;-2;0;0.12;21.07;22.59;1005.16;0;2022-05-11T20:06:31.781Z
0.7;238;19.57;54.91;-2;0;0.12;21.07;22.59;1005.16;0;2022-05-11T20:06:42.739Z
0.5;298;19.57;54.89;-2;0;0.12;21.07;22.59;1005.13;0;2022-05-11T20:06:53.751Z
0.26;108;19.57;54.92;-2;0;0.12;21.07;22.57;1005.13;0;2022-05-11T20:07:04.763Z
0.31;290;19.57;54.92;-2;0;0.12;21.07;22.57;1005.13;0;2022-05-11T20:07:15.687Z
0.96;245;19.57;54.92;-2;0;0.12;21.07;22.57;1004.88;0;2022-05-11T20:07:26.567Z
1.76;235;19.57;54.92;-2;0;0.12;21.07;22.57;1005.13;0;2022-05-11T20:07:37.505Z
1.5;295;19.57;54.95;-2;0;0.12;21.07;22.55;1005.13;0;2022-05-11T20:07:48.385Z
1.81;255;19.57;54.98;-2;0;0.12;21.07;22.55;1005.13;0;2022-05-11T20:07:59.287Z
1.86;270;19.56;54.97;-2;0;0.12;21.07;22.55;1005.13;0;2022-05-11T20:08:10.245Z
1.9;308;19.56;55;-2;0;0.12;21.07;22.54;1005.1;0;2022-05-11T20:08:21.161Z
1.88;255;19.56;54.81;-2;1.25;0.12;21.07;22.54;1005.13;0;2022-05-11T20:08:32.107Z
2.17;265;19.54;54.95;-2;0;0.12;21.06;22.52;1005.13;0;2022-05-11T20:08:43.074Z
1.05;288;19.54;54.93;-2;0;0.12;21.07;22.52;1005.16;0;2022-05-11T20:08:53.998Z
0.99;295;19.54;54.95;-2;0;0.12;21.07;22.52;1005.13;0;2022-05-11T20:09:04.901Z
0.62;200;19.53;55;-2;0;0.12;21.07;22.51;1005.16;0;2022-05-11T20:09:15.825Z
1.23;278;19.53;55.03;-2;0;0.12;21.07;22.51;1005.1;0;2022-05-11T20:09:26.726Z
0.79;293;19.53;55.02;-2;0;0.12;21.07;22.51;1005.19;0;2022-05-11T20:09:37.629Z
1.24;288;19.51;55.05;-2;0;0.12;21.07;22.49;1005.13;0;2022-05-11T20:09:48.564Z
0.68;288;19.51;55.03;-2;0;0.12;21.07;22.49;1005.16;0;2022-05-11T20:09:59.510Z
0.71;218;19.51;55.02;-2;0;0.12;21.07;22.49;1005.19;0;2022-05-11T20:10:10.468Z
0.86;268;19.51;55.07;-2;0;0.12;21.07;22.49;1005.13;0;2022-05-11T20:10:21.383Z
1.17;215;19.51;55.14;-2;0;0.12;21.07;22.48;1005.13;0;2022-05-11T20:10:32.330Z
1.74;248;19.51;55.17;-2;0;0.12;21.07;22.48;1005.16;0;2022-05-11T20:10:43.266Z
0.73;260;19.51;55.2;-2;0;0.12;21.07;22.48;1005.19;0;2022-05-11T20:10:54.156Z
0.73;270;19.49;55.23;-2;0;0.12;21.07;22.46;1005.16;0;2022-05-11T20:11:05.114Z
0.69;235;19.49;55.24;-2;0;0.12;21.07;22.46;1005.19;0;2022-05-11T20:11:16.026Z
0.66;223;19.48;55.25;-2;0;0.12;21.07;22.46;1005.19;0;2022-05-11T20:11:26.929Z
0.83;335;19.48;55.28;-2;0;0.12;21.07;22.44;1005.22;0;2022-05-11T20:11:37.865Z
1.05;275;19.49;55.27;-2;0;0.12;21.07;22.44;1005.19;0;2022-05-11T20:11:48.834Z
0.68;245;19.48;55.11;-2;1.25;3.48;24.75;22.44;1004.94;0;2022-05-11T20:11:59.913Z
1;265;19.48;55.26;-2;0;0.12;21.07;22.44;1005.19;0;2022-05-11T20:12:10.848Z
0.77;268;19.48;55.27;-2;0;0.12;21.07;22.43;1005.22;0;2022-05-11T20:12:21.783Z
1.05;308;19.48;55.27;-2;0;0.12;21.07;22.43;1005.22;0;2022-05-11T20:12:32.686Z
0.67;340;19.48;55.29;-2;0;0.12;21.07;22.41;1005.22;0;2022-05-11T20:12:43.676Z
0.94;328;19.46;55.27;-2;0;0.12;21.07;22.41;1005.19;0;2022-05-11T20:12:54.657Z
0.75;83;19.46;55.28;-2;0;0.12;20.93;22.41;1005.22;0;2022-05-11T20:13:05.570Z
0.9;78;19.46;55.26;-2;0;0.12;20.93;22.41;1005.19;0;2022-05-11T20:13:16.548Z
0.51;348;19.46;55.29;-2;0;0.12;20.93;22.4;1005.22;0;2022-05-11T20:13:27.495Z
0.38;53;19.46;55.31;-2;0;0.12;20.93;22.4;1005.22;0;2022-05-11T20:13:38.462Z
0.23;168;19.46;55.31;-2;0;0.12;20.93;22.4;1005.25;0;2022-05-11T20:13:49.430Z
0.19;15;19.46;55.32;-2;0;0.12;20.93;22.38;1005.22;0;2022-05-11T20:14:00.355Z
0.2;10;19.46;55.36;-2;0;0.12;20.93;22.38;1005.19;0;2022-05-11T20:14:11.256Z
0.12;358;19.46;55.34;-2;0;0.12;20.93;22.38;1005.19;0;2022-05-11T20:14:22.268Z
0.36;328;19.46;55.38;-2;0;0.12;20.93;22.37;1005.19;0;2022-05-11T20:14:33.173Z
0.68;278;19.46;55.38;-2;0;0.12;20.93;22.37;1005.22;0;2022-05-11T20:14:44.120Z
0.88;238;19.46;55.39;-2;0;0.12;20.93;22.35;1005.22;0;2022-05-11T20:14:55.012Z
0.85;295;19.46;55.42;-2;0;0.12;20.93;22.35;1005.22;0;2022-05-11T20:15:05.958Z
0.64;195;19.45;55.4;-2;0;0.12;20.93;22.35;1005.19;0;2022-05-11T20:15:16.917Z
0.51;225;19.45;55.42;-2;0;0.12;20.93;22.34;1005.22;0;2022-05-11T20:15:27.918Z
0.79;308;19.45;55.4;-2;0;0.12;20.93;22.34;1005.19;0;2022-05-11T20:15:38.864Z
0.51;345;19.45;55.4;-2;0;0.12;20.93;22.34;1005.19;0;2022-05-11T20:15:49.800Z
0.54;348;19.45;55.42;-2;0;0.12;20.93;22.32;1005.19;0;2022-05-11T20:16:00.746Z
0.95;268;19.45;55.42;-2;0;0.12;20.93;22.32;1005.19;0;2022-05-11T20:16:11.647Z
0.85;295;19.45;55.27;-2;0;0.12;20.93;22.32;1005.16;0;2022-05-11T20:16:22.584Z
0.33;80;19.43;55.42;-2;0;0.12;20.93;22.3;1005.16;0;2022-05-11T20:16:33.532Z
0.19;128;19.43;55.47;-2;0;0.12;20.93;22.3;1005.13;0;2022-05-11T20:16:44.456Z
0.27;128;19.43;55.5;-2;0;0.12;20.93;22.3;1005.16;0;2022-05-11T20:16:55.448Z
0.7;43;19.43;55.47;-2;0;0.12;20.93;22.29;1005.13;0;2022-05-11T20:17:06.549Z
0.81;350;19.43;55.49;-2;0;0.12;20.93;22.29;1005.16;0;2022-05-11T20:17:17.594Z
0.61;25;19.43;55.53;-2;0;0.12;20.93;22.27;1005.13;0;2022-05-11T20:17:28.519Z
0.61;35;19.42;55.51;-2;0;0.12;20.93;22.27;1005.13;0;2022-05-11T20:17:39.434Z
0.68;45;19.42;55.52;-2;0;0.12;20.93;22.27;1005.16;0;2022-05-11T20:17:50.424Z
0.87;255;19.42;55.52;-2;0;0.12;20.93;22.26;1005.16;0;2022-05-11T20:18:01.458Z
0.96;248;19.42;55.52;-2;0;0.12;20.93;22.26;1005.16;0;2022-05-11T20:18:12.472Z
0.87;258;19.42;55.53;-2;0;0.12;20.93;22.26;1005.19;0;2022-05-11T20:18:23.373Z
0.5;248;19.42;55.52;-2;0;0.12;20.93;22.24;1005.22;0;2022-05-11T20:18:34.345Z
0.26;230;19.42;55.54;-2;0;0.12;20.79;22.26;1005.22;0;2022-05-11T20:18:45.325Z
0.24;288;19.42;55.54;-2;0;0.12;20.8;22.24;1005.22;0;2022-05-11T20:18:56.281Z
0.39;148;19.42;55.56;-2;0;0.12;20.8;22.24;1005.22;0;2022-05-11T20:19:07.205Z
0.53;128;19.42;55.64;-2;0;0.12;20.79;22.23;1005.19;0;2022-05-11T20:19:18.140Z
0.32;248;19.42;55.75;-2;0;0.12;20.8;22.23;1005.25;0;2022-05-11T20:19:29.042Z
0.36;198;19.42;55.83;-2;0;0.12;20.8;22.23;1005.25;0;2022-05-11T20:19:39.968Z
0.16;65;19.4;55.92;-2;0;0.12;20.8;22.21;1004.97;0;2022-05-11T20:19:50.971Z
0.29;255;19.4;55.91;-2;0;0.12;20.8;22.21;1005.25;0;2022-05-11T20:20:01.951Z
0.68;280;19.4;55.94;-2;0;0.12;20.79;22.21;1005.22;0;2022-05-11T20:20:12.897Z
0.63;335;19.4;55.97;-2;0;0.12;20.8;22.19;1005.22;0;2022-05-11T20:20:24.570Z
0.35;270;19.4;55.96;-2;0;0.12;20.8;22.19;1005.22;0;2022-05-11T20:20:35.496Z
0.37;48;19.38;55.89;-2;0;0.12;20.8;22.19;1005.22;0;2022-05-11T20:20:46.421Z
0.47;43;19.38;55.85;-2;0;0.12;20.8;22.19;1005.19;0;2022-05-11T20:20:57.390Z
0.14;35;19.38;55.86;-2;0;0.12;20.8;22.18;1005.16;0;2022-05-11T20:21:08.325Z
0.33;30;19.38;55.87;-2;0;0.12;20.79;22.18;1005.22;0;2022-05-11T20:21:19.468Z
0.39;25;19.38;55.86;-2;0;0.12;20.8;22.18;1005.22;0;2022-05-11T20:21:30.425Z
0.38;43;19.38;55.86;-2;0;0.12;20.79;22.16;1005.19;0;2022-05-11T20:21:41.340Z
0.38;55;19.38;55.94;-2;0;0.12;20.8;22.16;1005.19;0;2022-05-11T20:21:52.286Z
0.14;8;19.37;55.93;-2;0;0.12;20.66;22.16;1005.22;0;2022-05-11T20:22:03.288Z
0.02;293;19.37;55.93;-2;0;0.12;20.66;22.15;1005.22;0;2022-05-11T20:22:14.202Z
0.07;5;19.37;55.96;-2;0;0.12;20.66;22.15;1005.22;0;2022-05-11T20:22:25.171Z
0.51;228;19.37;56;-2;0;0.12;20.66;22.15;1005.22;0;2022-05-11T20:22:36.150Z
0.5;198;19.37;56.02;-2;0;0.12;20.66;22.15;1005.19;0;2022-05-11T20:22:47.085Z
0.38;180;19.37;56.06;-2;0;0.12;20.66;22.15;1005.19;0;2022-05-11T20:22:57.965Z
0.47;190;19.37;56.07;-2;0;0.12;20.66;22.13;1005.19;0;2022-05-11T20:23:08.891Z
0.41;215;19.37;56.05;-2;0;0.12;20.66;22.13;1005.19;0;2022-05-11T20:23:19.893Z
0.6;195;19.37;56.12;-2;0;0.12;20.66;22.13;1005.22;0;2022-05-11T20:23:30.915Z
0.59;228;19.35;56.1;-2;0;0.12;20.66;22.12;1005.13;0;2022-05-11T20:23:41.851Z
0.49;238;19.35;56.13;-2;0;0.12;20.66;22.12;1005.13;0;2022-05-11T20:23:52.764Z
0.44;208;19.35;56.16;-2;0;0.12;20.66;22.12;1005.13;0;2022-05-11T20:24:03.690Z
0.68;225;19.34;56.03;-2;1.25;3.47;24.35;22.12;1004.85;0;2022-05-11T20:24:14.670Z
0.88;248;19.34;56.16;-2;0;0.12;20.66;22.1;1005.1;0;2022-05-11T20:24:25.550Z
0.5;128;19.32;56.18;-2;0;0.12;20.66;22.1;1005.1;0;2022-05-11T20:24:36.452Z
1.03;295;19.32;56.19;-2;0;0.12;20.66;22.1;1005.1;0;2022-05-11T20:24:47.376Z
1.09;280;19.31;56.16;-2;0;0.12;20.66;22.1;1005.03;0;2022-05-11T20:24:58.333Z
0.89;268;19.31;56.14;-2;0;0.12;20.66;22.08;1005.03;0;2022-05-11T20:25:09.389Z
0.8;228;19.29;56.14;-2;0;0.12;20.66;22.08;1005.03;0;2022-05-11T20:25:20.346Z
0.92;213;19.29;56.11;-2;0;0.12;20.66;22.08;1005;0;2022-05-11T20:25:31.348Z
0.7;270;19.27;56.09;-2;0;0.12;20.66;22.07;1005;0;2022-05-11T20:25:42.406Z
0.46;295;19.27;56.14;-2;0;0.12;20.66;22.07;1005;0;2022-05-11T20:25:53.310Z
0.75;255;19.27;56.14;-2;0;0.12;20.66;22.07;1004.97;0;2022-05-11T20:26:04.212Z
0.99;270;19.26;56.19;-2;0;0.12;20.66;22.05;1004.94;0;2022-05-11T20:26:15.182Z
1.45;245;19.26;56.16;-2;0;0.12;20.66;22.05;1004.94;0;2022-05-11T20:26:26.043Z
1.27;258;19.26;56.09;-2;0;0.12;20.66;22.05;1004.91;0;2022-05-11T20:26:36.955Z
1.04;230;19.24;56.07;-2;0;0.12;20.66;22.05;1004.91;0;2022-05-11T20:26:47.892Z
1;198;19.24;56.06;-2;0;0.12;20.66;22.04;1004.88;0;2022-05-11T20:26:58.828Z
0.95;213;19.24;56.11;-2;0;0.12;20.66;22.04;1004.85;0;2022-05-11T20:27:09.851Z
1.06;225;19.23;56.16;-2;0;0.12;20.66;22.04;1004.85;0;2022-05-11T20:27:20.829Z
1.04;268;19.23;56.16;-2;0;0.12;20.66;22.02;1004.81;0;2022-05-11T20:27:31.897Z
0.96;215;19.21;56.12;-2;0;0.12;20.66;22.02;1004.81;0;2022-05-11T20:27:42.854Z
0.91;198;19.21;56.16;-2;0;0.12;20.66;22.02;1004.81;0;2022-05-11T20:27:53.944Z
0.75;225;19.2;56.19;-2;0;0.12;20.66;22.01;1004.81;0;2022-05-11T20:28:04.870Z
0.94;208;19.2;56.21;-2;0;0.12;20.66;22.01;1004.81;0;2022-05-11T20:28:15.773Z
1.16;208;19.18;56.25;-2;0;0.12;20.66;22.01;1004.85;0;2022-05-11T20:28:26.677Z
0.96;195;19.18;56.23;-2;0;0.12;20.66;22.01;1004.81;0;2022-05-11T20:28:37.701Z
0.93;175;19.18;56.23;-2;0;0.12;20.53;21.99;1004.81;0;2022-05-11T20:28:48.604Z
0.87;195;19.16;56.27;-2;0;0.12;20.53;21.99;1004.78;0;2022-05-11T20:28:59.517Z
0.84;190;19.16;56.31;-2;0;0.12;20.53;21.99;1004.78;0;2022-05-11T20:29:10.421Z
1.24;218;19.15;56.31;-2;0;0.12;20.53;21.97;1004.75;0;2022-05-11T20:29:21.335Z
0.77;248;19.13;56.26;-2;0;0.12;20.53;21.97;1004.72;0;2022-05-11T20:29:32.261Z
1.02;235;19.13;56.26;-2;0;0.12;20.53;21.97;1004.75;0;2022-05-11T20:29:43.208Z
0.53;175;19.12;56.3;-2;0;0.12;20.53;21.96;1004.66;0;2022-05-11T20:29:54.121Z
0.36;148;19.12;56.26;-2;0;0.12;20.53;21.96;1004.63;0;2022-05-11T20:30:05.047Z
0.27;70;19.12;56.26;-2;0;0.12;20.53;21.94;1004.56;0;2022-05-11T20:30:16.014Z
0.33;95;19.1;56.28;-2;0;0.12;20.53;21.94;1004.56;0;2022-05-11T20:30:26.862Z
0.13;53;19.1;56.32;-3;0;0.12;20.53;21.94;1004.53;0;2022-05-11T20:30:37.797Z
0.05;268;19.1;56.36;-3;0;0.12;20.53;21.93;1004.53;0;2022-05-11T20:30:48.711Z
0;208;19.09;56.37;-3;0;0.12;20.53;21.93;1004.53;0;2022-05-11T20:30:59.679Z
0.02;268;19.09;56.39;-3;0;0.12;20.53;21.93;1004.53;0;2022-05-11T20:31:10.570Z
0.79;215;19.09;56.41;-3;0;0.12;20.53;21.91;1004.63;0;2022-05-11T20:31:21.550Z
1.01;215;19.09;56.35;-3;0;0.12;20.53;21.91;1004.69;0;2022-05-11T20:31:32.477Z
1.31;228;19.09;56.38;-3;0;0.12;20.53;21.9;1004.72;0;2022-05-11T20:31:43.467Z
1.02;268;19.07;56.39;-3;0;0.12;20.53;21.9;1004.78;0;2022-05-11T20:31:54.412Z
1.2;258;19.07;56.3;-3;1.09;3.47;24.2;21.88;1004.56;0;2022-05-11T20:32:05.347Z
0.72;60;19.09;56.46;-3;0;0.12;20.53;21.88;1004.88;0;2022-05-11T20:32:16.316Z
1.19;250;19.07;56.46;-3;0;0.12;20.53;21.88;1004.88;0;2022-05-11T20:32:27.296Z
1.46;230;19.07;56.5;-3;0;0.12;20.53;21.86;1004.88;0;2022-05-11T20:32:38.462Z
1.27;228;19.07;56.51;-3;0;0.12;20.53;21.86;1004.85;0;2022-05-11T20:32:49.441Z
1.11;235;19.07;56.57;-3;0;0.12;20.53;21.86;1004.85;0;2022-05-11T20:33:00.409Z
0.88;230;19.07;56.65;-3;0;0.12;20.26;21.85;1004.88;0;2022-05-11T20:33:11.444Z
0.64;235;19.07;56.72;-3;0;0.12;20.26;21.85;1004.85;0;2022-05-11T20:33:22.565Z
0.5;38;19.07;56.73;-3;0;0.12;20.26;21.83;1004.88;0;2022-05-11T20:33:33.676Z
0.34;230;19.05;56.75;-3;0;0.12;20.26;21.83;1004.85;0;2022-05-11T20:33:44.603Z
0.17;260;19.05;56.81;-3;0;0.12;20.26;21.83;1004.91;0;2022-05-11T20:33:55.504Z
0.23;245;19.05;56.81;-3;0;0.12;20.26;21.83;1004.94;0;2022-05-11T20:34:06.419Z
0.29;255;19.05;56.83;-3;0;0.12;20.26;21.82;1004.97;0;2022-05-11T20:34:17.388Z
0.46;178;19.05;56.85;-3;0;0.12;20.39;21.82;1005;0;2022-05-11T20:34:28.303Z
0.56;255;19.05;56.88;-3;0;0.12;20.39;21.82;1005.03;0;2022-05-11T20:34:39.205Z
0.6;198;19.05;56.89;-3;0;0.12;20.39;21.82;1005.03;0;2022-05-11T20:34:50.118Z
0.66;230;19.05;56.98;-3;0;0.12;20.39;21.8;1005.03;0;2022-05-11T20:35:01.031Z
1.99;228;19.04;56.98;-3;0;0.12;20.39;21.8;1005.03;0;2022-05-11T20:35:11.923Z
1.12;248;19.04;56.95;-3;0;0.12;20.39;21.79;1005.06;0;2022-05-11T20:35:22.847Z
1.55;238;19.04;56.93;-3;0;0.12;20.39;21.79;1005.03;0;2022-05-11T20:35:33.784Z
1.53;223;19.04;56.93;-3;0;0.12;20.39;21.79;1005;0;2022-05-11T20:35:44.698Z
1.25;105;19.04;56.9;-3;0;0.12;20.39;21.79;1005;0;2022-05-11T20:35:55.621Z
1.47;238;19.02;56.9;-3;0;0.12;20.39;21.77;1005;0;2022-05-11T20:36:06.524Z
0.76;248;19.02;56.94;-3;0;0.12;20.39;21.77;1005.03;0;2022-05-11T20:36:17.460Z
0.46;248;19.02;56.98;-3;0;0.12;20.39;21.75;1004.97;0;2022-05-11T20:36:28.364Z
0.63;213;19.01;56.89;-3;1.09;3.47;24.07;21.75;1004.97;0;2022-05-11T20:36:39.256Z
0.5;155;19.01;57.03;-3;0;0.12;20.26;21.75;1005;0;2022-05-11T20:36:50.159Z
0.67;215;18.99;57.08;-3;0;0.12;20.26;21.75;1004.94;0;2022-05-11T20:37:01.074Z
0.73;235;18.99;57.08;-3;0;0.12;20.26;21.74;1004.94;0;2022-05-11T20:37:11.968Z
1.13;223;18.99;57.05;-3;0;0.12;20.26;21.74;1004.97;0;2022-05-11T20:37:22.881Z
0.86;228;18.99;57;-3;0;0.12;20.26;21.74;1004.97;0;2022-05-11T20:37:33.794Z
1.07;218;18.98;57.01;-3;0;0.12;20.26;21.72;1004.97;0;2022-05-11T20:37:45.202Z
1;240;18.98;57;-3;0;0.12;20.26;21.72;1004.97;0;2022-05-11T20:37:56.148Z
0.69;228;18.96;57.05;-3;0;0.12;20.26;21.72;1004.94;0;2022-05-11T20:38:07.140Z
0.45;195;18.96;57.06;-3;0;0.12;20.26;21.71;1004.94;0;2022-05-11T20:38:18.075Z
0.85;238;18.96;57.07;-3;0;0.12;20.26;21.71;1004.97;0;2022-05-11T20:38:28.987Z
0.74;198;18.94;57.13;-3;0;0.12;20.26;21.71;1004.91;0;2022-05-11T20:38:39.890Z
0.74;223;18.93;57.18;-3;0;0.12;20.26;21.69;1004.94;0;2022-05-11T20:38:50.913Z
0.91;215;18.93;57.18;-3;0;0.12;20.26;21.69;1004.94;0;2022-05-11T20:39:01.838Z
0.83;215;18.93;57.18;-3;0;0.12;20.26;21.69;1004.94;0;2022-05-11T20:39:12.794Z
1.43;228;18.91;57.15;-3;0;0.12;20.26;21.68;1004.97;0;2022-05-11T20:39:23.721Z
1.56;223;18.91;57.15;-3;0;0.12;20.26;21.68;1004.97;0;2022-05-11T20:39:34.667Z
1.11;208;18.9;57.16;-3;0;0.12;20.26;21.68;1005;0;2022-05-11T20:39:45.800Z
0.81;215;18.9;57.2;-3;0;0.12;20.26;21.68;1004.72;0;2022-05-11T20:39:57.734Z
0.7;218;18.9;57.27;-3;0;0.12;20.26;21.66;1005.03;0;2022-05-11T20:40:09.765Z
0.47;265;18.88;57.32;-3;0;0.12;20.26;21.66;1005;0;2022-05-11T20:40:20.855Z
0.35;198;18.87;57.42;-3;0;0.12;20.26;21.64;1005.03;0;2022-05-11T20:40:31.944Z
0.41;278;18.87;57.45;-3;0;0.12;20.26;21.64;1005;0;2022-05-11T20:40:42.914Z
0.32;275;18.87;57.46;-3;0;0.12;20.26;21.64;1005.03;0;2022-05-11T20:40:53.817Z
0.19;253;18.85;57.47;-3;0;0.12;20.26;21.63;1005.03;0;2022-05-11T20:41:04.718Z
0.17;168;18.85;57.5;-3;0;0.12;20.26;21.63;1005.06;0;2022-05-11T20:41:15.720Z
0.31;225;18.85;57.52;-3;0;0.12;20.26;21.63;1005.1;0;2022-05-11T20:41:26.612Z
0.63;248;18.85;57.57;-3;0;0.12;20.26;21.61;1005.1;0;2022-05-11T20:41:38.460Z
1.03;225;18.84;57.62;-3;0;0.12;20.26;21.61;1005.06;0;2022-05-11T20:41:49.363Z
1.01;230;18.84;57.7;-3;0;0.12;20.26;21.6;1005.13;0;2022-05-11T20:42:00.298Z
1.09;208;18.84;57.6;-3;0;0.12;20.13;21.6;1005.1;0;2022-05-11T20:42:11.181Z
0.89;248;18.84;57.6;-3;0;0.12;20.13;21.6;1005.13;0;2022-05-11T20:42:22.072Z
1.08;248;18.82;57.59;-3;0;0.12;20.13;21.6;1005.16;0;2022-05-11T20:42:32.986Z
1.02;198;18.82;57.57;-3;0;0.12;20.13;21.58;1005.19;0;2022-05-11T20:42:44.086Z
0.84;238;18.82;57.58;-3;0;0.12;20.13;21.58;1005.19;0;2022-05-11T20:42:54.988Z
0.6;243;18.82;57.58;-3;0;0.12;20.13;21.58;1005.19;0;2022-05-11T20:43:07.229Z
0.62;275;18.8;57.62;-3;0;0.12;20.13;21.57;1005.19;0;2022-05-11T20:43:18.339Z
0.48;268;18.8;57.65;-3;0;0.12;19.99;21.57;1005.19;0;2022-05-11T20:43:29.582Z
0.33;200;18.8;57.7;-3;0;0.12;19.99;21.57;1005.22;0;2022-05-11T20:43:40.638Z
0.83;195;18.8;57.75;-3;0;0.12;19.99;21.57;1005.22;0;2022-05-11T20:43:51.520Z
0.63;165;18.8;57.81;-3;0;0.12;19.99;21.55;1005.25;0;2022-05-11T20:44:02.490Z
0.62;230;18.8;57.84;-3;0;0.12;19.99;21.55;1005.22;0;2022-05-11T20:44:13.436Z
1.02;275;18.8;57.77;-3;1.25;3.45;23.67;21.55;1004.97;0;2022-05-11T20:44:24.373Z
0.75;190;18.79;57.93;-2;0;0.12;19.99;21.55;1005.25;0;2022-05-11T20:44:35.277Z
0.57;268;18.79;57.97;-2;0;0.12;19.99;21.53;1005.25;0;2022-05-11T20:44:46.158Z
0.49;255;18.79;57.99;-2;0;0.12;19.99;21.53;1005.25;0;2022-05-11T20:44:57.104Z
0.83;243;18.79;57.98;-2;0;0.12;19.99;21.53;1005.28;0;2022-05-11T20:45:08.008Z
0.71;270;18.79;58.02;-2;0;0.12;19.99;21.53;1005.25;0;2022-05-11T20:45:18.911Z
0.81;260;18.79;58.04;-2;0;0.12;19.99;21.53;1005.28;0;2022-05-11T20:45:29.814Z
1.15;235;18.79;58.04;-2;0;0.12;19.99;21.52;1005.28;0;2022-05-11T20:45:40.740Z
0.89;223;18.77;58.08;-2;0;0.12;19.99;21.52;1005.28;0;2022-05-11T20:45:51.654Z
0.63;188;18.77;58.11;-2;0;0.12;19.99;21.52;1005.28;0;2022-05-11T20:46:02.600Z
0.55;235;18.77;58.07;-2;0;0.12;19.99;21.52;1005.25;0;2022-05-11T20:46:13.547Z
0.81;288;18.77;58.02;-2;0;0.12;19.99;21.5;1005.28;0;2022-05-11T20:46:24.482Z
0.81;248;18.77;57.99;-2;0;0.12;19.99;21.5;1005.28;0;2022-05-11T20:46:35.438Z
0.95;243;18.77;57.98;-2;0;0.12;19.99;21.5;1005.28;0;2022-05-11T20:46:46.331Z
1.12;235;18.77;58.04;-2;0;0.12;19.99;21.5;1005.25;0;2022-05-11T20:46:57.235Z
0.76;215;18.77;58.1;-2;0;0.12;19.99;21.5;1005.28;0;2022-05-11T20:47:08.159Z
1.13;225;18.77;58.08;-2;0;0.12;19.99;21.49;1005.28;0;2022-05-11T20:47:19.105Z
1.34;253;18.77;58.14;-2;0;0.12;19.99;21.49;1005.28;0;2022-05-11T20:47:30.018Z
1.52;255;18.77;58.1;-2;0;0.12;19.99;21.49;1005.28;0;2022-05-11T20:47:40.933Z
0.97;238;18.77;58.09;-2;0;0.12;19.99;21.49;1005.25;0;2022-05-11T20:47:51.824Z
0.96;255;18.77;58.1;-2;0;0.12;19.99;21.49;1005.25;0;2022-05-11T20:48:02.739Z
1.16;255;18.77;58.09;-2;0;0.12;19.99;21.49;1005.28;0;2022-05-11T20:48:13.741Z
1.14;268;18.77;58.14;-2;0;0.12;19.99;21.49;1005.28;0;2022-05-11T20:48:24.766Z
1.85;253;18.76;58.17;-2;0;0.12;19.99;21.47;1005.32;0;2022-05-11T20:48:35.680Z
1.56;238;18.76;58.19;-2;0;0.12;19.99;21.47;1005.32;0;2022-05-11T20:48:46.605Z
1.44;255;18.76;58.03;-2;0.62;0.12;19.99;21.47;1005.32;0;2022-05-11T20:48:57.551Z
1.19;253;18.76;58.17;-2;0;0.12;19.99;21.47;1005.35;0;2022-05-11T20:49:08.498Z
0.5;345;18.76;58.13;-2;0;0.12;19.99;21.47;1005.35;0;2022-05-11T20:49:19.402Z
0.98;235;18.76;58.17;-2;0;0.12;19.99;21.47;1005.35;0;2022-05-11T20:49:30.326Z
0.94;255;18.74;58.28;-2;0;0.12;19.99;21.46;1005.38;0;2022-05-11T20:49:41.252Z
0.69;200;18.74;58.36;-2;0;0.12;19.99;21.46;1005.35;0;2022-05-11T20:49:52.142Z
0.54;238;18.74;58.43;-2;0;0.12;19.99;21.46;1005.35;0;2022-05-11T20:50:03.022Z
0.36;245;18.73;58.39;-2;0;0.12;19.99;21.46;1005.35;0;2022-05-11T20:50:13.948Z
0.3;235;18.73;58.41;-2;0;0.12;19.99;21.46;1005.35;0;2022-05-11T20:50:24.949Z
0.38;268;18.73;58.43;-2;0;0.12;19.99;21.46;1005.35;0;2022-05-11T20:50:35.852Z
0.57;235;18.73;58.43;-2;0;0.12;19.99;21.44;1005.35;0;2022-05-11T20:50:46.755Z
0.98;230;18.73;58.46;-2;0;0.12;19.99;21.46;1005.32;0;2022-05-11T20:50:57.646Z
0.93;248;18.73;58.47;-2;0;0.12;19.99;21.44;1005.35;0;2022-05-11T20:51:08.539Z
0.92;310;18.71;58.35;-2;0;0.12;19.99;21.44;1005.35;0;2022-05-11T20:51:19.454Z
0.61;230;18.71;58.27;-2;0;0.12;19.99;21.44;1005.35;0;2022-05-11T20:51:30.366Z
0.19;35;18.71;58.25;-2;0;0.12;19.99;21.44;1005.28;0;2022-05-11T20:51:41.268Z
0.12;295;18.71;58.27;-2;0;0.12;19.99;21.44;1005.28;0;2022-05-11T20:51:52.183Z
0.13;133;18.71;58.27;-2;0;0.12;19.99;21.44;1005.28;0;2022-05-11T20:52:03.108Z
0.14;195;18.71;58.22;-2;0;3.45;23.65;21.44;1005.03;0;2022-05-11T20:52:14.087Z
0.49;248;18.73;58.22;-2;0;0.12;19.99;21.42;1005.25;0;2022-05-11T20:52:25.056Z
0.61;253;18.69;58.22;-1;0;0.12;19.99;21.42;1005.22;0;2022-05-11T20:52:36.014Z
0.81;245;18.71;58.23;-1;0;0.12;19.99;21.42;1005.22;0;2022-05-11T20:52:46.916Z
0.59;220;18.73;58.24;-1;0;0.12;19.99;21.41;1005.25;0;2022-05-11T20:52:57.874Z
0.46;223;18.69;58.23;-1;0;0.12;19.99;21.42;1005.22;0;2022-05-11T20:53:08.767Z
0.35;230;18.73;58.16;-1;0;0.12;19.99;21.39;1005.22;0;2022-05-11T20:53:19.679Z
0.33;225;18.69;58.15;-1;0;0.12;19.86;21.42;1005.22;0;2022-05-11T20:53:30.593Z
0.51;223;18.71;58.14;-1;0;0.12;19.86;21.41;1005.28;0;2022-05-11T20:53:41.507Z
1.18;238;18.71;58.12;-1;0;0.12;19.86;21.41;1005.25;0;2022-05-11T20:53:52.487Z
0.82;265;18.71;58.09;-1;0;0.12;19.86;21.42;1005.32;0;2022-05-11T20:54:03.382Z
0.79;253;18.73;58.06;-1;0;0.12;19.86;21.41;1005.32;0;2022-05-11T20:54:14.284Z
0.59;248;18.73;58.1;-1;0;0.12;19.86;21.39;1005.32;0;2022-05-11T20:54:25.384Z
0.73;270;18.71;58.09;-1;0;0.12;19.99;21.39;1005.32;0;2022-05-11T20:54:36.278Z
0.8;218;18.71;58.11;-1;0;0.12;19.99;21.39;1005.35;0;2022-05-11T20:54:47.257Z
1.01;230;18.71;58.15;-1;0;0.12;19.99;21.41;1005.38;0;2022-05-11T20:54:58.182Z
0.95;195;18.71;58.19;-1;0;0.12;19.99;21.38;1005.38;0;2022-05-11T20:55:09.097Z
0.95;270;18.71;58.24;-1;0;0.12;19.99;21.39;1005.41;0;2022-05-11T20:55:20.077Z
0.98;215;18.71;58.29;-1;0;0.12;19.99;21.39;1005.44;0;2022-05-11T20:55:30.980Z
1;198;18.71;58.34;-1;0;0.12;19.99;21.39;1005.22;0;2022-05-11T20:55:41.969Z
0.41;43;18.73;58.41;-1;0;0.12;19.99;21.38;1005.47;0;2022-05-11T20:55:52.884Z
0.32;253;18.73;58.47;-1;0;0.12;19.99;21.38;1005.47;0;2022-05-11T20:56:03.818Z
0.88;255;18.73;58.46;-1;0;0.12;19.99;21.38;1005.5;0;2022-05-11T20:56:14.787Z
0.7;228;18.73;58.42;-1;0;0.12;19.99;21.38;1005.54;0;2022-05-11T20:56:25.764Z
0.64;275;18.73;58.29;-1;0;0.12;19.99;21.38;1005.54;0;2022-05-11T20:56:36.788Z
1.57;255;18.73;58.15;-1;1.09;3.47;23.67;21.36;1005.28;0;2022-05-11T20:56:47.733Z
1.54;243;18.73;58.29;-1;0;0.12;19.99;21.36;1005.6;0;2022-05-11T20:56:58.715Z
1.54;265;18.73;58.29;-1;0;0.12;19.99;21.36;1005.63;0;2022-05-11T20:57:09.628Z
2.05;223;18.73;58.32;-1;0;0.12;19.99;21.36;1005.63;0;2022-05-11T20:57:20.574Z
1.93;268;18.73;58.22;-1;0;0.12;19.99;21.36;1005.66;0;2022-05-11T20:57:31.597Z
0.85;270;18.73;58.22;-1;0;0.12;19.99;21.35;1005.63;0;2022-05-11T20:57:42.543Z
0.86;215;18.73;58.24;-1;0;0.12;19.86;21.35;1005.66;0;2022-05-11T20:57:53.468Z
0.89;308;18.73;58.27;-1;0;0.12;19.86;21.35;1005.69;0;2022-05-11T20:58:04.392Z
1.4;213;18.73;58.29;-1;0;0.12;19.86;21.35;1005.69;0;2022-05-11T20:58:15.294Z
1.03;223;18.73;58.32;-1;0;0.12;19.86;21.35;1005.69;0;2022-05-11T20:58:26.187Z
0.76;288;18.73;58.29;-1;0;0.12;19.86;21.35;1005.72;0;2022-05-11T20:58:37.168Z
0.9;238;18.73;58.31;-1;0;0.12;19.86;21.35;1005.69;0;2022-05-11T20:58:48.256Z
1.07;270;18.73;58.32;-1;0;0.12;19.86;21.35;1005.66;0;2022-05-11T20:58:59.202Z
0.77;238;18.73;58.34;-1;0;0.12;19.99;21.35;1005.69;0;2022-05-11T20:59:10.159Z
1;228;18.73;58.32;-1;0;0.12;19.99;21.33;1005.66;0;2022-05-11T20:59:21.039Z
1.23;248;18.73;58.37;-1;0;0.12;19.99;21.33;1005.66;0;2022-05-11T20:59:31.921Z
1.23;248;18.73;58.41;-1;0;0.12;19.99;21.33;1005.69;0;2022-05-11T20:59:42.891Z
0.91;238;18.73;58.41;-1;0;0.12;19.99;21.33;1005.69;0;2022-05-11T20:59:53.836Z
0.57;180;18.74;58.44;-1;1.25;3.44;23.66;21.33;1005.41;0;2022-05-11T21:00:04.794Z
0.27;145;18.74;58.49;-1;0;0.12;19.86;21.31;1005.66;0;2022-05-11T21:00:15.904Z
0.5;285;18.74;58.51;-1;0;0.12;19.86;21.31;1005.66;0;2022-05-11T21:00:26.863Z
0.27;325;18.74;58.49;-1;0;0.12;19.86;21.31;1005.63;0;2022-05-11T21:00:37.822Z
0.77;260;18.74;58.44;-1;0;0.12;19.86;21.31;1005.63;0;2022-05-11T21:00:48.723Z
0.93;208;18.74;58.36;-1;0;0.12;19.86;21.31;1005.6;0;2022-05-11T21:00:59.746Z
1.4;208;18.74;58.27;-1;0;0.12;19.86;21.31;1005.63;0;2022-05-11T21:01:10.682Z
0.94;235;18.74;58.24;-1;0;0.12;19.86;21.3;1005.6;0;2022-05-11T21:01:21.595Z
0.86;228;18.74;58.22;-1;0;0.12;19.86;21.3;1005.57;0;2022-05-11T21:01:32.486Z
0.98;235;18.74;58.27;-1;0;0.12;19.86;21.3;1005.6;0;2022-05-11T21:01:43.434Z
0.82;225;18.76;58.24;-1;0;0.12;19.86;21.3;1005.6;0;2022-05-11T21:01:55.358Z
0.53;55;18.74;58.22;-1;0;0.12;19.86;21.3;1005.57;0;2022-05-11T21:02:06.908Z
0.42;108;18.74;58.21;-1;0;0.12;19.86;21.3;1005.57;0;2022-05-11T21:02:19.664Z
1.62;258;18.74;58.2;-1;0;0.12;19.99;21.28;1005.57;0;2022-05-11T21:02:31.543Z
1.24;258;18.74;58.14;-1;0;0.12;19.99;21.28;1005.6;0;2022-05-11T21:02:43.269Z
0.97;238;18.74;58.17;-1;0;0.12;19.99;21.28;1005.57;0;2022-05-11T21:02:55.279Z
0.73;175;18.74;58.12;-1;0;0.12;19.99;21.28;1005.57;0;2022-05-11T21:03:06.216Z
0.48;198;18.73;58.09;-1;0;0.12;19.99;21.27;1005.57;0;2022-05-11T21:03:19.873Z
0.59;208;18.73;58.17;-1;0;0.12;19.86;21.27;1005.63;0;2022-05-11T21:03:30.787Z
0.67;255;18.73;58.29;-1;0;0.12;19.86;21.27;1005.57;0;2022-05-11T21:03:41.699Z
0.73;248;18.73;58.34;-1;0;0.12;19.86;21.27;1005.6;0;2022-05-11T21:03:52.602Z
0.95;325;18.73;58.34;-2;0;0.12;19.86;21.27;1005.57;0;2022-05-11T21:04:03.547Z
0.6;253;18.73;58.36;-2;0;0.12;19.86;21.25;1005.6;0;2022-05-11T21:04:15.614Z
0.62;220;18.73;58.39;-2;0;0.12;19.86;21.25;1005.63;0;2022-05-11T21:04:26.505Z
0.5;225;18.73;58.31;-2;1.09;3.45;23.52;21.25;1005.38;0;2022-05-11T21:04:38.417Z
0.46;148;18.73;58.44;-2;0;0.12;19.86;21.24;1005.63;0;2022-05-11T21:04:49.429Z
0.54;238;18.73;58.34;-2;0;0.12;19.86;21.24;1005.6;0;2022-05-11T21:05:00.474Z
0.79;178;18.73;58.22;-2;0;0.12;19.86;21.24;1005.69;0;2022-05-11T21:05:11.411Z
0.5;288;18.73;58.17;-2;0;0.12;19.86;21.24;1005.63;0;2022-05-11T21:05:22.382Z
0.32;268;18.73;58.17;-2;0;0.12;19.86;21.24;1005.63;0;2022-05-11T21:05:33.317Z
0.51;280;18.71;58.12;-2;0;0.12;19.86;21.24;1005.66;0;2022-05-11T21:05:44.274Z
0.81;240;18.73;58.12;-2;0;0.12;19.86;21.24;1005.66;0;2022-05-11T21:05:55.210Z
0.72;260;18.73;58.12;-2;0;0.12;19.86;21.22;1005.63;0;2022-05-11T21:06:06.124Z
1.23;228;18.71;58.15;-2;0;0.12;19.86;21.22;1005.63;0;2022-05-11T21:06:17.182Z
1.09;265;18.73;58.16;-2;0;0.12;19.86;21.22;1005.66;0;2022-05-11T21:06:28.183Z
0.94;15;18.73;58.16;-2;0;0.12;19.86;21.22;1005.63;0;2022-05-11T21:06:39.119Z
0.62;235;18.71;58.15;-2;0;0.12;19.86;21.2;1005.63;0;2022-05-11T21:06:50.035Z
0.72;215;18.73;58.09;-2;0;0.12;19.86;21.2;1005.66;0;2022-05-11T21:07:00.959Z
0.86;238;18.71;58.1;-2;0;0.12;19.86;21.2;1005.63;0;2022-05-11T21:07:11.874Z
0.64;140;18.71;58.09;-2;0;0.12;19.86;21.2;1005.66;0;2022-05-11T21:07:22.831Z
0.28;190;18.73;58.12;-2;0;0.12;19.86;21.19;1005.63;0;2022-05-11T21:07:33.724Z
0.52;258;18.73;58.12;-2;0;0.12;19.86;21.19;1005.66;0;2022-05-11T21:07:44.637Z
1.04;285;18.73;58.14;-2;0;0.12;19.86;21.19;1005.66;0;2022-05-11T21:07:55.573Z
0.81;215;18.73;58.14;-2;0;0.12;19.86;21.19;1005.63;0;2022-05-11T21:08:06.586Z
1.4;215;18.73;58.15;-2;0;0.12;19.86;21.19;1005.63;0;2022-05-11T21:08:17.510Z
1.37;248;18.71;58.16;-2;0;0.12;19.86;21.17;1005.63;0;2022-05-11T21:08:28.447Z
1.51;268;18.71;58.19;-2;0;0.12;19.86;21.17;1005.6;0;2022-05-11T21:08:39.492Z
1.7;248;18.71;58.22;-2;0;0.12;19.86;21.17;1005.63;0;2022-05-11T21:08:50.395Z
0.99;8;18.71;57.96;-2;1.09;3.46;23.53;21.17;1005.66;0;2022-05-11T21:09:01.320Z
1.04;265;18.71;58.07;-2;0;0.12;19.86;21.16;1005.66;0;2022-05-11T21:09:12.432Z
0.81;235;18.71;58.06;-2;0;0.12;19.86;21.16;1005.66;0;2022-05-11T21:09:23.380Z
0.72;255;18.69;58.04;-2;0;0.12;19.86;21.16;1005.69;0;2022-05-11T21:09:34.348Z
1.15;213;18.71;58.05;-2;0;0.12;19.86;21.16;1005.66;0;2022-05-11T21:09:45.329Z
0.72;253;18.69;58.06;-2;0;0.12;19.86;21.16;1005.63;0;2022-05-11T21:09:56.253Z
0.8;255;18.69;58.09;-2;0;0.12;19.86;21.14;1005.66;0;2022-05-11T21:10:07.255Z
1.28;215;18.69;58.1;-2;0;0.12;19.86;21.14;1005.66;0;2022-05-11T21:10:18.255Z
1.93;270;18.69;58.07;-2;0;0.12;19.86;21.14;1005.63;0;2022-05-11T21:10:29.179Z
1.67;120;18.69;58.02;-2;0;0.12;19.86;21.14;1005.63;0;2022-05-11T21:10:40.170Z
2.34;230;18.69;57.99;-2;0;0.12;19.86;21.14;1005.63;0;2022-05-11T21:10:51.161Z
1.79;245;18.69;57.94;-2;0;0.12;19.86;21.13;1005.63;0;2022-05-11T21:11:03.097Z
1.48;238;18.69;57.97;-2;0;0.12;19.86;21.13;1005.63;0;2022-05-11T21:11:14.121Z
2.3;248;18.68;57.95;-2;0;0.12;19.86;21.13;1005.63;0;2022-05-11T21:11:25.189Z
1.82;155;18.68;57.94;-2;0;0.12;19.86;21.13;1005.63;0;2022-05-11T21:11:37.091Z
2.17;270;18.68;57.97;-2;0;0.12;19.86;21.11;1005.63;0;2022-05-11T21:11:47.996Z
1.32;270;18.66;58;-2;0;0.12;19.86;21.11;1005.66;0;2022-05-11T21:11:59.019Z
1.02;195;18.66;58.06;-2;0;0.12;19.86;21.11;1005.66;0;2022-05-11T21:12:09.988Z
1.1;255;18.66;57.97;-1;1.25;0.12;19.86;21.11;1005.69;0;2022-05-11T21:12:20.956Z
1.63;260;18.66;58.12;-1;0;0.12;19.86;21.09;1005.66;0;2022-05-11T21:12:31.894Z
2.55;260;18.65;58.12;-1;0;0.12;19.86;21.09;1005.66;0;2022-05-11T21:12:42.799Z
1.91;230;18.65;58.13;-1;0;0.12;19.86;21.09;1005.69;0;2022-05-11T21:12:53.747Z
1.78;240;18.65;58.12;-1;0;0.12;19.86;21.09;1005.69;0;2022-05-11T21:13:04.681Z
1.21;240;18.63;58.14;-1;0;0.12;19.86;21.09;1005.69;0;2022-05-11T21:13:15.630Z
0.75;48;18.63;58.17;-1;0;0.12;19.86;21.09;1005.72;0;2022-05-11T21:13:26.598Z
0.77;265;18.63;58.19;-1;0;0.12;19.86;21.09;1005.69;0;2022-05-11T21:13:37.580Z
0.78;235;18.63;58.21;-1;0;0.12;19.86;21.08;1005.69;0;2022-05-11T21:13:48.537Z
0.51;208;18.62;58.28;-1;0;0.12;19.86;21.08;1005.69;0;2022-05-11T21:13:59.494Z
0.7;178;18.63;58.29;-1;0;0.12;19.86;21.08;1005.69;0;2022-05-11T21:14:10.397Z
1.23;265;18.62;58.3;-1;0;0.12;19.86;21.06;1005.66;0;2022-05-11T21:14:21.334Z
2.52;248;18.62;58.28;-1;0;0.12;19.86;21.06;1005.66;0;2022-05-11T21:14:32.357Z
2.92;215;18.62;58.24;-1;0;0.12;19.86;21.06;1005.66;0;2022-05-11T21:14:43.273Z
2.44;305;18.62;58.17;-1;0;0.12;19.86;21.06;1005.66;0;2022-05-11T21:14:54.220Z
0.95;178;18.62;58.07;-1;0;0.12;19.86;21.06;1005.66;0;2022-05-11T21:15:05.188Z
1.22;268;18.62;58.02;-1;0;0.12;19.86;21.05;1005.66;0;2022-05-11T21:15:16.409Z
1.36;253;18.62;58.05;-1;0;0.12;19.86;21.05;1005.69;0;2022-05-11T21:15:27.357Z
1.51;268;18.62;58.06;-1;0;0.12;19.86;21.05;1005.69;0;2022-05-11T21:15:38.325Z
1.33;213;18.62;58.09;-1;0;0.12;19.86;21.05;1005.69;0;2022-05-11T21:15:49.230Z
1.14;213;18.62;58.13;-1;0;0.12;19.86;21.05;1005.69;0;2022-05-11T21:16:00.156Z
0.76;288;18.62;58.12;-1;0;0.12;19.86;21.05;1005.72;0;2022-05-11T21:16:11.235Z
1.5;288;18.62;58.17;-1;0;0.12;19.86;21.03;1005.66;0;2022-05-11T21:16:22.358Z
1.78;253;18.62;58.07;-1;0;0.12;19.86;21.03;1005.69;0;2022-05-11T21:16:33.460Z
2.58;228;18.62;57.97;-1;0;0.12;19.86;21.03;1005.66;0;2022-05-11T21:16:44.373Z
2.25;208;18.62;57.79;-1;1.25;3.46;23.52;21.03;1005.44;0;2022-05-11T21:16:55.331Z
1.3;228;18.62;57.87;-1;0;0.12;19.86;21.03;1005.66;0;2022-05-11T21:17:06.367Z
0.7;250;18.63;57.91;-1;0;0.12;19.86;21.02;1005.66;0;2022-05-11T21:17:17.435Z
0.53;195;18.62;57.97;-1;0;0.12;19.86;21.03;1005.69;0;2022-05-11T21:17:28.360Z
1.21;235;18.63;57.97;-1;0;0.12;19.86;21.02;1005.66;0;2022-05-11T21:17:39.262Z
2.02;293;18.62;57.96;-1;0;0.12;19.86;21.02;1005.63;0;2022-05-11T21:17:50.329Z
1.06;243;18.63;57.85;-1;0;0.12;19.86;21.02;1005.66;0;2022-05-11T21:18:01.242Z
1.28;235;18.63;57.84;-1;0;0.12;19.86;21;1005.66;0;2022-05-11T21:18:12.212Z
1.08;225;18.63;57.84;-1;0;0.12;19.86;21;1005.66;0;2022-05-11T21:18:24.452Z
0.93;215;18.63;57.88;-1;0;0.12;19.86;21;1005.63;0;2022-05-11T21:18:35.356Z
1.53;228;18.63;57.91;-1;0;0.12;19.86;21;1005.66;0;2022-05-11T21:18:46.272Z
1.53;238;18.63;57.99;-1;0;0.12;19.86;21;1005.66;0;2022-05-11T21:18:57.219Z
0.99;200;18.63;58.05;-1;0;0.12;19.86;21;1005.66;0;2022-05-11T21:19:08.703Z
0.68;78;18.63;58.04;-1;0;0.12;19.73;20.98;1005.66;0;2022-05-11T21:19:19.639Z
1.33;120;18.63;58;-1;0;0.12;19.72;21;1005.6;0;2022-05-11T21:19:30.683Z
0.96;295;18.63;57.97;-1;0;0.12;19.73;20.98;1005.66;0;2022-05-11T21:19:41.632Z
0.8;195;18.63;57.97;-1;0;0.12;19.72;20.98;1005.66;0;2022-05-11T21:19:52.601Z
1.17;260;18.63;57.97;-1;0;0.12;19.73;20.98;1005.66;0;2022-05-11T21:20:03.580Z
0.94;198;18.63;58.01;-1;0;0.12;19.73;20.98;1005.41;0;2022-05-11T21:20:14.616Z
1.1;230;18.63;58.02;-1;0;0.12;19.72;20.98;1005.63;0;2022-05-11T21:20:25.619Z
1.35;280;18.63;58;-1;0;0.12;19.73;20.98;1005.66;0;2022-05-11T21:20:36.577Z
1.03;275;18.63;57.96;-1;0;0.12;19.73;20.97;1005.66;0;2022-05-11T21:20:47.523Z
0.91;258;18.63;57.99;-1;0;0.12;19.72;20.97;1005.66;0;2022-05-11T21:20:58.426Z
0.78;225;18.63;58;-1;0;0.12;19.73;20.97;1005.66;0;2022-05-11T21:21:09.328Z
0.85;213;18.63;57.99;-1;0;0.12;19.73;20.97;1005.72;0;2022-05-11T21:21:20.252Z
1.24;225;18.65;58.1;-1;0;0.12;19.72;20.97;1005.72;0;2022-05-11T21:21:31.157Z
1.56;208;18.65;58.09;-1;0;0.12;19.73;20.95;1005.72;0;2022-05-11T21:21:42.081Z
2.07;180;18.65;58.04;-1;0;0.12;19.72;20.97;1005.69;0;2022-05-11T21:21:53.084Z
2.01;265;18.65;57.87;-1;0;0.12;19.73;20.95;1005.69;0;2022-05-11T21:22:03.988Z
2.32;308;18.65;57.75;-1;0;0.12;19.73;20.95;1005.75;0;2022-05-11T21:22:14.880Z
1.41;215;18.65;57.72;-1;0;0.12;19.72;20.95;1005.79;0;2022-05-11T21:22:25.750Z
1.24;305;18.65;57.77;-1;0;0.12;19.73;20.95;1005.75;0;2022-05-11T21:22:36.719Z
2.19;258;18.66;57.76;-1;0;0.12;19.72;20.95;1005.79;0;2022-05-11T21:22:47.719Z
1.51;250;18.65;57.72;-1;0;0.12;19.72;20.95;1005.79;0;2022-05-11T21:22:58.722Z
1.13;268;18.66;57.7;-1;0;0.12;19.72;20.95;1005.79;0;2022-05-11T21:23:09.822Z
1.85;248;18.66;57.67;-1;0;0.12;19.72;20.95;1005.82;0;2022-05-11T21:23:20.759Z
2.2;253;18.66;57.7;-1;0;0.12;19.72;20.94;1005.75;0;2022-05-11T21:23:31.804Z
1.67;305;18.66;57.58;-1;0;0.12;19.86;20.94;1005.79;0;2022-05-11T21:23:42.785Z
0.65;248;18.66;57.49;-1;0;0.12;19.86;20.94;1005.79;0;2022-05-11T21:23:54.027Z
2.09;255;18.66;57.55;-1;0;0.12;19.86;20.94;1005.79;0;2022-05-11T21:24:04.922Z
1.27;180;18.66;57.53;-1;0;0.12;19.86;20.94;1005.79;0;2022-05-11T21:24:15.891Z
0.76;165;18.66;57.53;-1;0;0.12;19.86;20.94;1005.79;0;2022-05-11T21:24:26.872Z
0.63;178;18.66;57.55;-1;0;0.12;19.86;20.94;1005.79;0;2022-05-11T21:24:37.818Z
1.46;235;18.66;57.39;-1;1.25;3.46;23.53;20.94;1005.5;0;2022-05-11T21:24:48.810Z
1.63;235;18.66;57.5;-1;0;0.12;19.86;20.94;1005.75;0;2022-05-11T21:24:59.748Z
1.28;318;18.66;57.52;-1;0;0.12;19.86;20.92;1005.75;0;2022-05-11T21:25:10.672Z
1.03;213;18.68;57.53;-1;0;0.12;19.86;20.92;1005.75;0;2022-05-11T21:25:21.664Z
2.16;243;18.66;57.55;-1;0;0.12;19.86;20.92;1005.75;0;2022-05-11T21:25:32.612Z
2.25;248;18.66;57.51;-1;0;0.12;19.86;20.92;1005.75;0;2022-05-11T21:25:43.548Z
1.57;255;18.66;57.46;-1;0;0.12;19.86;20.92;1005.75;0;2022-05-11T21:25:54.539Z
1.33;253;18.66;57.45;-1;0;0.12;19.86;20.91;1005.75;0;2022-05-11T21:26:05.464Z
0.8;223;18.66;57.51;-1;0;0.12;19.86;20.91;1005.79;0;2022-05-11T21:26:16.433Z
1.51;315;18.66;57.53;-1;0;0.12;19.86;20.91;1005.79;0;2022-05-11T21:26:27.369Z
1.8;220;18.66;57.52;-1;0;0.12;19.86;20.91;1005.79;0;2022-05-11T21:26:38.272Z
1.52;228;18.68;57.49;-1;0;0.12;19.86;20.91;1005.82;0;2022-05-11T21:26:49.294Z
1.14;280;18.68;57.48;-1;0;0.12;19.86;20.91;1005.82;0;2022-05-11T21:27:00.252Z
0.76;235;18.68;57.45;-1;0;0.12;19.86;20.91;1005.72;0;2022-05-11T21:27:11.254Z
0.86;248;18.68;57.48;-1;0;0.12;19.86;20.91;1005.75;0;2022-05-11T21:27:22.225Z
1.06;238;18.68;57.47;-1;0;0.12;19.86;20.91;1005.72;0;2022-05-11T21:27:33.215Z
1.1;228;18.68;57.47;-1;0;0.12;19.86;20.89;1005.79;0;2022-05-11T21:27:44.139Z
0.99;248;18.68;57.48;-1;0;0.12;19.86;20.89;1005.75;0;2022-05-11T21:27:55.043Z
0.92;250;18.68;57.42;-1;0;0.12;19.86;20.89;1005.75;0;2022-05-11T21:28:05.990Z
0.45;235;18.68;57.45;-1;0;0.12;19.86;20.89;1005.75;0;2022-05-11T21:28:16.926Z
0.37;308;18.68;57.45;-1;0;0.12;19.86;20.89;1005.75;0;2022-05-11T21:28:27.896Z
0.47;255;18.68;57.47;-1;0;0.12;19.86;20.89;1005.75;0;2022-05-11T21:28:38.797Z
0.76;335;18.68;57.47;-1;0;0.12;19.86;20.89;1005.75;0;2022-05-11T21:28:49.831Z
0.43;13;18.68;57.45;-1;0;0.12;19.86;20.89;1005.75;0;2022-05-11T21:29:00.734Z
0.33;195;18.68;57.31;-1;0;0.12;19.73;20.87;1005.75;0;2022-05-11T21:29:11.671Z
0.7;308;18.68;57.47;-1;0;0.12;19.72;20.87;1005.75;0;2022-05-11T21:29:22.695Z
1.09;268;18.68;57.48;-1;0;0.12;19.72;20.87;1005.75;0;2022-05-11T21:29:33.630Z
1.58;260;18.68;57.42;-1;0;0.12;19.72;20.87;1005.79;0;2022-05-11T21:29:44.534Z
1.32;115;18.68;57.42;-1;0;0.12;19.72;20.87;1005.75;0;2022-05-11T21:29:55.469Z
0.83;328;18.68;57.41;-1;0;0.12;19.72;20.87;1005.79;0;2022-05-11T21:30:06.407Z
0.82;275;18.68;57.42;-1;0;0.12;19.73;20.87;1005.75;0;2022-05-11T21:30:17.518Z
1.06;265;18.69;57.42;-1;0;0.12;19.86;20.87;1005.79;0;2022-05-11T21:30:28.552Z
1.01;258;18.69;57.43;-1;0;0.12;19.86;20.87;1005.79;0;2022-05-11T21:30:39.487Z
0.65;235;18.69;57.42;-1;0;0.12;19.86;20.86;1005.79;0;2022-05-11T21:30:50.412Z
0.37;45;18.69;57.51;-1;0;0.12;19.86;20.86;1005.79;0;2022-05-11T21:31:01.328Z
0.76;213;18.71;57.52;-1;0;0.12;19.86;20.86;1005.79;0;2022-05-11T21:31:12.263Z
0.32;83;18.71;57.52;-1;0;0.12;19.86;20.86;1005.79;0;2022-05-11T21:31:23.221Z
0.11;105;18.71;57.53;-1;0;0.12;19.73;20.86;1005.82;0;2022-05-11T21:31:34.166Z
0.27;288;18.71;57.57;-1;0;0.12;19.73;20.86;1005.82;0;2022-05-11T21:31:45.134Z
0.98;235;18.71;57.54;-1;0;0.12;19.72;20.86;1005.79;0;2022-05-11T21:31:57.090Z
0.99;235;18.71;57.58;-1;0;0.12;19.73;20.86;1005.82;0;2022-05-11T21:32:08.037Z
1.31;248;18.73;57.55;-1;0;0.12;19.72;20.86;1005.79;0;2022-05-11T21:32:18.929Z
0.96;195;18.73;57.52;-1;0;0.12;19.73;20.84;1005.75;0;2022-05-11T21:32:29.875Z
1.3;200;18.73;57.44;-1;0;0.12;23.38;20.84;1005.54;0;2022-05-11T21:32:40.789Z
0.66;230;18.73;57.32;-1;0;0.12;19.86;20.84;1005.75;0;2022-05-11T21:32:52.722Z
1.23;255;18.71;57.27;-1;0;0.12;19.86;20.84;1005.75;0;2022-05-11T21:33:03.691Z
1.35;275;18.73;57.3;-1;0;0.12;19.86;20.84;1005.79;0;2022-05-11T21:33:14.659Z
1.75;218;18.71;57.35;-1;0;0.12;19.86;20.84;1005.75;0;2022-05-11T21:33:25.660Z
1.81;213;18.71;57.32;-1;0;0.12;19.86;20.83;1005.75;0;2022-05-11T21:33:36.717Z
1.44;213;18.71;57.32;-1;0;0.12;19.86;20.83;1005.79;0;2022-05-11T21:33:47.630Z
1.23;223;18.71;57.35;-1;0;0.12;19.86;20.83;1005.82;0;2022-05-11T21:33:58.556Z
0.8;265;18.71;57.4;-1;0;0.12;19.86;20.83;1005.75;0;2022-05-11T21:34:09.459Z
0.8;275;18.71;57.5;-1;0;0.12;19.86;20.83;1005.75;0;2022-05-11T21:34:20.461Z
0.51;288;18.69;57.53;-1;0;0.12;19.86;20.83;1005.82;0;2022-05-11T21:34:31.461Z
0.55;315;18.69;57.56;-1;0;0.12;19.86;20.83;1005.82;0;2022-05-11T21:34:42.386Z
0.32;255;18.69;57.64;-1;0;0.12;19.86;20.81;1005.82;0;2022-05-11T21:34:53.288Z
1.32;208;18.69;57.64;-1;0;0.12;19.86;20.83;1005.79;0;2022-05-11T21:35:04.190Z
1.3;215;18.69;57.63;-1;0;0.12;19.86;20.81;1005.79;0;2022-05-11T21:35:15.081Z
0.84;195;18.69;57.54;-1;0;0.12;19.86;20.81;1005.79;0;2022-05-11T21:35:25.962Z
1.03;175;18.69;57.47;-1;0;0.12;19.86;20.81;1005.79;0;2022-05-11T21:35:36.921Z
0.96;220;18.69;57.46;-1;0;0.12;19.86;20.81;1005.82;0;2022-05-11T21:35:47.857Z
0.9;215;18.69;57.42;-1;0;0.12;19.86;20.8;1005.82;0;2022-05-11T21:35:58.782Z
0.53;268;18.69;57.4;-1;0;0.12;19.86;20.81;1005.82;0;2022-05-11T21:36:09.783Z
0.58;295;18.68;57.43;-1;0;0.12;19.86;20.81;1005.88;0;2022-05-11T21:36:20.698Z
1.05;335;18.68;57.47;-1;0;0.12;19.86;20.8;1005.85;0;2022-05-11T21:36:31.624Z
0.65;68;18.68;57.5;-1;0;0.12;19.86;20.8;1005.85;0;2022-05-11T21:36:42.571Z
0.32;355;18.69;57.53;-1;0;0.12;19.86;20.8;1005.85;0;2022-05-11T21:36:53.506Z
0.26;328;18.69;57.44;-1;1.25;3.47;23.53;20.8;1005.6;0;2022-05-11T21:37:04.409Z
0.83;338;18.69;57.53;-1;0;0.12;19.86;20.78;1005.85;0;2022-05-11T21:37:15.356Z
0.74;140;18.69;57.51;-1;0;0.12;19.86;20.8;1005.85;0;2022-05-11T21:37:26.281Z
1.63;243;18.69;57.52;-1;0;0.12;19.86;20.78;1005.85;0;2022-05-11T21:37:37.206Z
1.31;270;18.69;57.48;-1;0;0.12;19.86;20.78;1005.85;0;2022-05-11T21:37:48.141Z
1.18;43;18.69;57.46;-1;0;0.12;19.86;20.78;1005.85;0;2022-05-11T21:37:59.120Z
0.97;275;18.69;57.45;-1;0;0.12;19.86;20.78;1005.88;0;2022-05-11T21:38:10.014Z
2.36;175;16.21;68.12;210;380.97;0.12;20.67;17.46;1014.47;0;2022-05-12T08:21:40.562Z
1.49;310;16.18;67.77;214;388.15;0.13;20.67;17.46;1014.44;0;2022-05-12T08:21:51.497Z
1.1;243;16.15;67.67;219;402.66;0.12;20.66;17.45;1014.54;0;2022-05-12T08:22:02.423Z
2.7;275;16.15;67.68;255;467.09;0.13;20.67;17.45;1014.5;0;2022-05-12T08:22:13.390Z
2.32;215;16.13;67.72;476;828.56;0.13;20.67;17.46;1014.47;0;2022-05-12T08:22:24.391Z
